id,given_name,preferred_name,surname,email,address,match,typo,couple,missclick
1,Nicole,Nicole,Coleman,NicoleColeman22@outlook.com,"40378 Philip Ville Suite 401
New Matthewton, KY 32433",no,no,no,no
2,Christine,Christine,Ramsey,CRamsey74@yahoo.com,"64571 Elijah Isle
New Ashley, MO 38493",no,no,no,no
3,Antonio,Antonio,Gilbert,AntonioGilbert22@outlook.com,"743 Hatfield Club Apt. 394
Camposmouth, KS 70441",no,no,no,no
4,Connie,Connie,Martinez,CMartinez43@yahoo.com,"716 Anthony Forge Suite 217
South Heather, ND 99283",no,no,no,no
5,April,April,Villarreal,AprilVillarreal@gmail.com,"892 Lori Tunnel Suite 314
Woodland, MS 95534",no,no,no,no
6,Jasmine,Jasmine,Brennan,JasmineBrennan@gmail.com,"862 Wilson Hollow Apt. 455
West Ana, KS 18293",no,no,no,no
7,Vanessa,Vanessa,Johnson,VanessaJohnson@gmail.com,"8384 Larry Gateway
South Alice, MO 97075",no,no,no,no
8,Brandon,Brandon,Lynch,BLynch22@yahoo.com,"188 Kenneth Rest
Ginaville, DE 93853",no,no,no,no
9,Derrick,Derrick,Ortiz,DerrickOrtiz33@outlook.com,"08416 Mark Knolls
Swansontown, MI 61004",no,no,no,no
10,Charles,Charles,Mathews,CMathews58@yahoo.com,"83515 Choi Valley
Port Tracey, FL 64343",no,no,no,no
11,Jennifer,Jennifer,Diaz,JenniferDiaz@gmail.com,"345 Russell Stravenue Suite 655
Littlefort, OH 39385",no,no,no,no
12,Dawn,Dawn,Atkinson,DAtkinson@bright.net,"492 Andrea Burgs
North Gregory, TX 68653",no,no,no,no
13,Debra,Debra,Perez,DPerez80@yahoo.com,"577 John Underpass
Millsberg, AR 02203",no,no,no,no
14,Nicole,Nicole,Sanders,NSanders@bright.net,"61715 Walton Court
New Philipmouth, VT 77835",no,no,no,no
15,Natasha,Natasha,Lane,NatashaLane@gmail.com,"PSC 1517, Box 2899
APO AA 57138",no,no,no,no
16,Omar,Omar,Morrison,OmarMorrison@gmail.com,"6004 Ritter Fort Apt. 991
Aguilarton, SD 36136",no,no,no,no
17,Elizabeth,Elizabeth,Taylor,ElizabethTaylor@gmail.com,"380 Brian Greens
Rebeccahaven, AR 22018",no,no,no,no
18,Mark,Mark,Miranda,MMiranda@bright.net,"Unit 4723 Box 2905
DPO AA 07702",no,no,no,no
19,Don,Don,Robertson,DRobertson75@yahoo.com,"34550 Stephen Lakes
Garciachester, AR 10315",no,no,no,no
20,Nicholas,Nicholas,Johnson,NJohnson25@yahoo.com,"91719 Rodriguez Spurs
Matthewchester, WV 53373",no,no,no,no
21,Patricia,Patricia,Perry,PatriciaPerry76@outlook.com,"719 William Cape
South David, NC 72203",no,no,no,no
22,Angela,Angela,Foster,AngelaFoster24@outlook.com,"626 Allen Parks Apt. 554
South Adamfurt, IA 47897",no,no,no,no
23,Teresa,Teresa,Santos,TSantos@bright.net,"962 Brandy Estate
New Rita, MO 70008",no,no,no,no
24,Michael,Michael,Brewer,MichaelBrewer@gmail.com,"3231 Pierce Meadow Suite 201
Eddiebury, PW 48578",no,no,no,no
25,Alan,Alan,Crawford,ACrawford@bright.net,"38077 Thompson Fields
North Brentfort, WI 78207",no,no,no,no
26,Melissa,Melissa,Cook,MelissaCook@gmail.com,"055 Dunn Stravenue
Port Adrianfort, HI 35533",no,no,no,no
27,Lindsay,Lindsay,Nelson,LindsayNelson@gmail.com,"0493 Drew Wall Apt. 779
Meltonhaven, HI 64372",no,no,no,no
28,Leon,Leon,Hall,LeonHall98@outlook.com,"9993 Dickerson Forks
Nicoleside, KS 07482",no,no,no,no
29,Derek,Derek,Mckinney,DerekMckinney58@outlook.com,"1279 Pamela Dam Apt. 868
Port Phillip, WI 82943",no,no,no,no
30,Amy,Amy,Huerta,AmyHuerta15@outlook.com,"158 Ford Pines
Stephenville, KS 54927",no,no,no,no
31,Sierra,Sierra,Howard,SierraHoward19@outlook.com,"740 Larry Shoal Apt. 628
North Jamesshire, SC 14492",no,no,no,no
32,Robert,Robert,Campbell,RobertCampbell31@outlook.com,"74407 Pierce Estates Suite 892
Crystalmouth, LA 50598",no,no,no,no
33,Justin,Justin,Richards,JustinRichards@gmail.com,"8053 Livingston Club
Lake David, NH 10117",no,no,no,no
34,Timothy,Timothy,Rodriguez,TRodriguez@bright.net,"196 Nathan Mountain Suite 192
North James, MI 76315",no,no,no,no
35,Angela,Angela,Cunningham,AngelaCunningham@gmail.com,"1815 Haley Landing
Port Jeffreyville, ND 75105",no,no,no,no
36,Vicki,Vicki,Saunders,VSaunders@bright.net,"405 Riggs Pines
New Oscar, IN 34780",no,no,no,no
37,Howard,Howard,Ortiz,HowardOrtiz55@outlook.com,"924 Crystal Place Suite 350
Lake Jillfurt, NH 70048",no,no,no,no
38,Erin,Erin,Douglas,EDouglas@bright.net,"04691 Phillips Underpass
New Jerry, VI 79287",no,no,no,no
39,Heather,Heather,Perry,HeatherPerry@gmail.com,"PSC 8368, Box 0744
APO AE 74381",no,no,no,no
40,Jacob,Jacob,Patton,JPatton@bright.net,"710 Courtney Unions Suite 167
South James, ME 98358",no,no,no,no
41,Matthew,Matthew,Hester,MHester48@yahoo.com,"945 White Spring Apt. 316
West Timothyport, NE 55105",no,no,no,no
42,Tiffany,Tiffany,Wright,TWright@bright.net,"322 Carpenter Wells Apt. 987
Morrishaven, WV 79417",no,no,no,no
43,Dawn,Dawn,Miller,DMiller84@yahoo.com,"24774 Michael Shoals
Anitaport, IA 24590",no,no,no,no
44,Bonnie,Bonnie,Walker,BWalker57@yahoo.com,"669 Moss Rest
South Mark, ID 36664",no,no,no,no
45,Sarah,Sarah,Smith,SSmith@bright.net,"5184 John Trafficway
Lake Cynthiastad, ME 01946",no,no,no,no
46,Kristen,Kristen,Daniels,KristenDaniels77@outlook.com,"1427 Taylor Mill
Georgeberg, MN 70754",no,no,no,no
47,Jade,Jade,Clay,JadeClay74@outlook.com,"431 Holly Squares
East Timfurt, IN 25206",no,no,no,no
48,Christopher,Christopher,Santana,ChristopherSantana@gmail.com,"06101 Hoffman Throughway Suite 355
Gregorychester, NY 56908",no,no,no,no
49,Jesus,Jesus,Barron,JBarron80@yahoo.com,"9136 Katherine Wells Apt. 479
Swansonhaven, ND 64815",no,no,no,no
50,Gloria,Gloria,Kennedy,GloriaKennedy@gmail.com,"790 Cunningham Freeway Apt. 053
Parkerland, NE 38701",no,no,no,no
51,Valerie,Valerie,Davis,VDavis86@yahoo.com,"6999 Robert Row
Jonesland, KS 55723",no,no,no,no
52,Sarah,Sarah,Barnes,SarahBarnes@gmail.com,"5598 Johnson Ranch
West Brett, TN 06114",no,no,no,no
53,Katherine,Katherine,Carter,KatherineCarter68@outlook.com,"8261 Rachel Hill Apt. 135
New Craigview, MS 54799",no,no,no,no
54,Jeffrey,Jeffrey,Mason,JMason@bright.net,"820 James Mall
West Ashleyport, AL 58152",no,no,no,no
55,John,John,Rojas,JRojas96@yahoo.com,"97136 Kevin Springs Suite 917
Jamieview, AZ 73667",no,no,no,no
56,Wesley,Wesley,Nichols,WNichols49@yahoo.com,"143 Meyer Gateway
Westfort, HI 49812",no,no,no,no
57,Amy,Amy,Daniels,ADaniels@bright.net,"6967 Hawkins Ports
Salazarport, OH 68106",no,no,no,no
58,Crystal,Crystal,Cooper,CCooper34@yahoo.com,"16858 Jones Mill Suite 296
East Brianabury, GA 19179",no,no,no,no
59,John,John,George,JGeorge@bright.net,"71111 Kyle Walk Apt. 434
Damontown, KY 50147",no,no,no,no
60,Christopher,Christopher,Chung,CChung96@yahoo.com,"470 Lopez Mount
Port Chris, MA 66716",no,no,no,no
61,Brian,Brian,Barron,BBarron@bright.net,"0598 Karen Corners
Port Barbara, WI 29988",no,no,no,no
62,Zachary,Zachary,Harrison,ZacharyHarrison@gmail.com,"43972 Eric Prairie Suite 328
Stevenland, PW 99054",no,no,no,no
63,Timothy,Timothy,Martinez,TMartinez37@yahoo.com,"96218 Laura Circle
Port Dominique, IL 28631",no,no,no,no
64,Joshua,Joshua,Wood,JWood18@yahoo.com,"427 Valenzuela Hill
North Heather, GU 99798",no,no,no,no
65,Richard,Richard,Long,RLong@bright.net,"7437 Cole Turnpike
New Angelaborough, DE 59067",no,no,no,no
66,Courtney,Courtney,Klein,CKlein25@yahoo.com,"86162 Andrade Drives Apt. 143
Lake Melissabury, NH 13860",no,no,no,no
67,Eric,Eric,Kelly,EricKelly60@outlook.com,"484 Rhonda Crest
Woodardport, NY 43595",no,no,no,no
68,Matthew,Matthew,Green,MatthewGreen@gmail.com,"410 Lindsey Avenue Suite 624
Barkerfurt, MD 64045",no,no,no,no
69,Evan,Evan,Garcia,EvanGarcia@gmail.com,"661 Kaufman Mall
West Jennifer, NV 47591",no,no,no,no
70,Bryan,Bryan,Martinez,BMartinez@bright.net,"Unit 4470 Box 5041
DPO AP 99280",no,no,no,no
71,Jessica,Jessica,Garrett,JessicaGarrett17@outlook.com,"43427 Coleman Avenue
East Robertport, GU 07725",no,no,no,no
72,Laura,Laura,Todd,LauraTodd@gmail.com,"05596 Mcmahon Shoals Apt. 549
South Amybury, NV 34307",no,no,no,no
73,Richard,Richard,Robertson,RichardRobertson@gmail.com,"USCGC Phillips
FPO AP 36032",no,no,no,no
74,Betty,Betty,Thompson,BettyThompson47@outlook.com,"7487 Lopez Ports Suite 420
Port Johnmouth, MP 99638",no,no,no,no
75,William,William,Ramirez,WRamirez80@yahoo.com,"63399 Summers Walks
North Shariton, MN 27404",no,no,no,no
76,Karen,Karen,Fernandez,KFernandez@bright.net,"7964 Lawrence Ridge Apt. 175
South Eric, ND 57813",no,no,no,no
77,Jessica,Jessica,Jackson,JessicaJackson33@outlook.com,"57367 Burton Street
West Brandonside, WI 22816",no,no,no,no
78,James,James,Saunders,JSaunders26@yahoo.com,"77947 Timothy Streets Apt. 190
North Ericahaven, OR 84478",no,no,no,no
79,Travis,Travis,Bell,TravisBell94@outlook.com,"7126 Robinson Mills Apt. 322
South Jessica, IA 35994",no,no,no,no
80,James,James,Phillips,JPhillips@bright.net,"079 Janice Neck
Tinaborough, GU 47792",no,no,no,no
81,Jeffery,Jeffery,Murphy,JMurphy@bright.net,"21900 Ball Freeway
East Richard, NJ 67406",no,no,no,no
82,Heather,Heather,Porter,HPorter21@yahoo.com,"438 Clark Path
Shawntown, SC 84076",no,no,no,no
83,Sara,Sara,Schneider,SaraSchneider@gmail.com,"6304 Young Place Suite 514
South Brianton, DC 86014",no,no,no,no
84,Terri,Terri,Wallace,TWallace32@yahoo.com,"285 Abigail Spur Apt. 099
Michaelton, DE 25856",no,no,no,no
85,Aaron,Aaron,Miller,AaronMiller@gmail.com,"034 Craig Points
Griffithview, CA 45114",no,no,no,no
86,Daniel,Daniel,Guzman,DanielGuzman17@outlook.com,"5001 Jeremy Causeway
East Jessicahaven, NH 08695",no,no,no,no
87,Frank,Frank,Cook,FCook@bright.net,"14247 Thomas Glens
New Kevin, PA 20203",no,no,no,no
88,Jessica,Jessica,Nguyen,JNguyen37@yahoo.com,"80219 Jennifer Mission Apt. 212
New Steven, NH 04943",no,no,no,no
89,Richard,Richard,Martin,RichardMartin41@outlook.com,"26535 Trevor Flats
Territown, WV 86539",no,no,no,no
90,Lauren,Lauren,Macias,LMacias45@yahoo.com,"USNS Perez
FPO AA 72644",no,no,no,no
91,Marcia,Marcia,Williams,MWilliams@bright.net,"0916 Green Manors Suite 528
Greenfort, OK 65992",no,no,no,no
92,Oscar,Oscar,Wilson,OscarWilson@gmail.com,"82016 Torres Cliffs
Mariamouth, AS 50434",no,no,no,no
93,Lindsay,Lindsay,Molina,LindsayMolina@gmail.com,"61447 Weeks Square Apt. 972
New Melissachester, AR 99278",no,no,no,no
94,Donna,Donna,Marshall,DonnaMarshall@gmail.com,"16471 Henry Roads
West Antonioborough, LA 77439",no,no,no,no
95,Christopher,Christopher,Adams,ChristopherAdams@gmail.com,"355 Edward Ferry Apt. 176
West Charlesmouth, MP 35418",no,no,no,no
96,Lauren,Lauren,Davis,LaurenDavis96@outlook.com,"678 Thomas Canyon Apt. 723
Hartview, NE 69817",no,no,no,no
97,Michael,Michael,Cochran,MichaelCochran31@outlook.com,"299 Gary Inlet Apt. 781
West Amyton, WI 74767",no,no,no,no
98,Jessica,Jessica,Gonzalez,JGonzalez@bright.net,"938 Tami Hollow Apt. 296
Kimberlyville, VI 79384",no,no,no,no
99,Vanessa,Vanessa,Anderson,VAnderson44@yahoo.com,"19219 Forbes Spring
Claudiafurt, OK 67721",no,no,no,no
100,Rachel,Rachel,Munoz,RMunoz72@yahoo.com,"777 Kathy Court Apt. 379
Lake Brittanychester, CA 67987",no,no,no,no
101,Mark,Mark,Doyle,MarkDoyle64@outlook.com,"3469 Scott Shore
Loganfort, WI 29076",no,no,no,no
102,Chris,Chris,Flores,ChrisFlores@gmail.com,"01122 Duran Stravenue
North Kristinside, MD 14682",no,no,no,no
103,Christopher,Christopher,French,ChristopherFrench@gmail.com,"98693 Tony Trafficway Suite 126
New Reneeport, KY 31788",no,no,no,no
104,Reginald,Reginald,Mendoza,ReginaldMendoza@gmail.com,"65598 Church Village
Reynoldsport, MA 49006",no,no,no,no
105,Randy,Randy,Andrews,RandyAndrews57@outlook.com,"98006 Patel Inlet
Port Jacob, AK 04964",no,no,no,no
106,Jamie,Jamie,Zhang,JZhang@bright.net,"Unit 0427 Box 4083
DPO AA 35980",no,no,no,no
107,Steven,Steven,Martin,StevenMartin@gmail.com,"013 Ward Island
Matthewshire, CA 33870",no,no,no,no
108,Amber,Amber,Kramer,AKramer@bright.net,"716 Ronald Camp
New Emily, OH 34508",no,no,no,no
109,Paige,Paige,Tanner,PTanner96@yahoo.com,"84068 Wallace Glen Suite 457
East Erinfurt, MP 43573",no,no,no,no
110,Jeffrey,Jeffrey,Richard,JeffreyRichard60@outlook.com,"7688 Justin Rue Apt. 192
North Curtis, MH 53573",no,no,no,no
111,William,William,Swanson,WilliamSwanson41@outlook.com,"5358 Morrow Via Apt. 531
East Paul, CO 10730",no,no,no,no
112,Natasha,Natasha,Baker,NBaker86@yahoo.com,"2882 Jasmine River
West Martin, VA 65755",no,no,no,no
113,Kent,Kent,Lowery,KLowery@bright.net,"2431 Taylor Mews Apt. 170
North Mark, AZ 00999",no,no,no,no
114,Mark,Mark,Smith,MSmith@bright.net,"6040 Brandon Mill Apt. 508
New Alex, IA 05972",no,no,no,no
115,Sandra,Sandra,Aguilar,SandraAguilar32@outlook.com,"06035 Donald Views Apt. 624
Madisonland, NH 88031",no,no,no,no
116,Jennifer,Jennifer,Pace,JPace26@yahoo.com,"6161 White Run Apt. 404
North Jessicaburgh, TX 53076",no,no,no,no
117,Nathaniel,Nathaniel,Smith,NSmith43@yahoo.com,"2413 Gonzalez Views
Flowersshire, OK 96019",no,no,no,no
118,Mary,Mary,Pena,MPena75@yahoo.com,"16848 Wilson Camp Apt. 466
Robertport, AK 70966",no,no,no,no
119,Curtis,Curtis,Velasquez,CVelasquez@bright.net,"364 Ramos Forges Suite 204
Lake Molly, PW 26171",no,no,no,no
120,Michael,Michael,Reid,MReid83@yahoo.com,"0752 Santos Prairie
Perezborough, NH 21790",no,no,no,no
121,James,James,Humphrey,JHumphrey97@yahoo.com,"49150 Cory Viaduct
West Michele, NV 31066",no,no,no,no
122,Dylan,Dylan,Duarte,DDuarte@bright.net,"9125 Savannah Key Suite 372
Fisherport, UT 12033",no,no,no,no
123,Lisa,Lisa,Allen,LisaAllen@gmail.com,"470 Martin Manor Suite 955
Angelafurt, TN 51862",no,no,no,no
124,Mary,Mary,Sanders,MarySanders@gmail.com,"7190 Michelle Course Suite 832
Davidhaven, MI 68333",no,no,no,no
125,Heather,Heather,Walters,HWalters@bright.net,"4934 Shaw Valley
Katiebury, LA 18349",no,no,no,no
126,Kathy,Kathy,Anderson,KathyAnderson@gmail.com,"248 Garrett Flat
Scottside, DC 48165",no,no,no,no
127,Sean,Sean,Padilla,SeanPadilla@gmail.com,"75235 David Avenue
West Stephenshire, NJ 24354",no,no,no,no
128,Patricia,Patricia,Obrien,PObrien95@yahoo.com,"3906 Briana Roads
Jamiebury, MI 49389",no,no,no,no
129,Destiny,Destiny,Morris,DestinyMorris28@outlook.com,"03056 Robert Street
South Christopher, DE 82232",no,no,no,no
130,Olivia,Olivia,Harris,OHarris11@yahoo.com,"Unit 3245 Box 4346
DPO AE 41649",no,no,no,no
131,Vincent,Vincent,Delgado,VDelgado@bright.net,"47336 Michael Lake
Lake Brendaland, WI 64087",no,no,no,no
132,Charles,Charles,Davis,CDavis88@yahoo.com,"126 Adrian Ford Apt. 356
Port Brian, AR 63789",no,no,no,no
133,Joshua,Joshua,Sharp,JSharp@bright.net,"8065 Larry Glen
South Davidview, WI 10023",no,no,no,no
134,Noah,Noah,Frank,NFrank@bright.net,"0567 Jack Bridge Apt. 112
Schneidermouth, NC 98399",no,no,no,no
135,Teresa,Teresa,Jones,TJones31@yahoo.com,"11375 Alan Via
Bradyton, AZ 08268",no,no,no,no
136,Brian,Brian,Baldwin,BrianBaldwin90@outlook.com,"5440 Goodwin Passage Apt. 749
Shanemouth, FL 84627",no,no,no,no
137,Elizabeth,Elizabeth,Moore,ElizabethMoore@gmail.com,"114 George Shoals Suite 963
Jillview, AK 95429",no,no,no,no
138,Stephanie,Stephanie,Cooper,StephanieCooper89@outlook.com,"12388 Smith Crescent Apt. 992
Williamstad, OK 19428",no,no,no,no
139,Joseph,Joseph,Cook,JCook73@yahoo.com,"6154 Sandra Junctions Suite 101
Port Jeremiah, KS 83160",no,no,no,no
140,Robert,Robert,Daniel,RDaniel93@yahoo.com,"927 Shaw Coves
Barberstad, NM 09120",no,no,no,no
141,Joanna,Joanna,Odonnell,JOdonnell17@yahoo.com,"790 Price Pines
Brianview, MI 43046",no,no,no,no
142,Kimberly,Kimberly,Rogers,KimberlyRogers53@outlook.com,"0160 Hess Rest Suite 619
Rachelport, LA 00939",no,no,no,no
143,Michael,Michael,Elliott,MElliott@bright.net,"6742 Jacob Crossroad Apt. 105
Jasonfort, NC 51110",no,no,no,no
144,Luis,Luis,Walker,LuisWalker@gmail.com,"5332 Joshua Villages
West Christopherfort, UT 91838",no,no,no,no
145,Jacqueline,Jacqueline,Bernard,JBernard@bright.net,"6630 Sharon Flats Apt. 006
Katherineberg, KS 82429",no,no,no,no
146,Frank,Frank,Perez,FrankPerez34@outlook.com,"731 Timothy Springs
Smithbury, PW 63024",no,no,no,no
147,Rebecca,Rebecca,Collins,RebeccaCollins71@outlook.com,"8998 Amanda Landing Suite 775
New Michaelstad, OH 69885",no,no,no,no
148,Linda,Linda,Hernandez,LindaHernandez@gmail.com,"7943 Carol Shores Apt. 764
Bakerland, PR 74172",no,no,no,no
149,Joshua,Joshua,Walton,JoshuaWalton59@outlook.com,"50123 Cassie Drive Suite 958
Port Heathermouth, IL 13092",no,no,no,no
150,Erica,Erica,Baldwin,EBaldwin50@yahoo.com,"83123 Palmer Heights
Port Courtney, NY 15513",no,no,no,no
151,Samantha,Samantha,Williams,SamanthaWilliams15@outlook.com,"28766 Karen Underpass Apt. 318
North Daniel, HI 37122",no,no,no,no
152,Brandy,Brandy,Martinez,BMartinez47@yahoo.com,"21818 Davis Fork Suite 390
Clarkmouth, AS 52579",no,no,no,no
153,Walter,Walter,Berger,WalterBerger46@outlook.com,"2894 Katelyn Pine Suite 672
New Patrickfurt, RI 80168",no,no,no,no
154,Brenda,Brenda,Butler,BButler99@yahoo.com,"97347 Jeffrey Squares
Castilloside, MN 23453",no,no,no,no
155,Lori,Lori,Thomas,LoriThomas@gmail.com,"32891 Erika Route
West Philipfort, MD 24932",no,no,no,no
156,Andrea,Andrea,Davis,ADavis68@yahoo.com,"3704 Gregg Gardens Apt. 129
Taylorbury, CA 28829",no,no,no,no
157,Howard,Howard,Macdonald,HowardMacdonald@gmail.com,"998 Jason Union Apt. 839
Bobbyburgh, UT 01570",no,no,no,no
158,Lindsay,Lindsay,Hawkins,LindsayHawkins15@outlook.com,"2249 Katherine Port Suite 731
Blackberg, VI 62171",no,no,no,no
159,Rachel,Rachel,Knox,RachelKnox41@outlook.com,"367 Marshall Centers
West Jonathan, PW 48389",no,no,no,no
160,Riley,Riley,Johnson,RJohnson74@yahoo.com,"Unit 8578 Box 3222
DPO AP 17236",no,no,no,no
161,Brandon,Brandon,Castillo,BCastillo@bright.net,"66818 Johnny Fork Apt. 532
Mathisview, VT 98641",no,no,no,no
162,Christopher,Christopher,Schneider,CSchneider38@yahoo.com,"62479 Eric Path Apt. 871
New Donald, IN 40691",no,no,no,no
163,Isabella,Isabella,Martin,IsabellaMartin40@outlook.com,"8316 Rogers Forks
West Cole, LA 46700",no,no,no,no
164,Brenda,Brenda,Schneider,BSchneider@bright.net,"95998 Amanda Groves
New Katherine, WV 84944",no,no,no,no
165,Roberto,Roberto,Holland,RHolland@bright.net,"75790 Aguilar Springs
Kevinport, HI 13928",no,no,no,no
166,Charles,Charles,Jacobs,CJacobs28@yahoo.com,"1868 April Squares Suite 010
North Erika, OK 46509",no,no,no,no
167,James,James,Sherman,JamesSherman99@outlook.com,"0078 Zimmerman Field Suite 936
Guerrabury, WA 80091",no,no,no,no
168,Stephanie,Stephanie,Lara,StephanieLara@gmail.com,"16017 Edward Camp Suite 345
South Kaitlyn, MP 69233",no,no,no,no
169,Alec,Alec,Herrera,AlecHerrera80@outlook.com,"7204 Olson Pines
Ericburgh, KY 18221",no,no,no,no
170,Elizabeth,Elizabeth,Massey,EMassey@bright.net,"59201 James Extensions Suite 831
Port Josephberg, PR 51611",no,no,no,no
171,Lindsay,Lindsay,Lopez,LindsayLopez42@outlook.com,"Unit 1577 Box 4254
DPO AP 42218",no,no,no,no
172,Denise,Denise,Mitchell,DMitchell@bright.net,"453 Turner Mountain
Port Robertton, WV 81581",no,no,no,no
173,Douglas,Douglas,Jones,DouglasJones@gmail.com,"0403 Mcconnell Plains
Hayesfurt, WI 71230",no,no,no,no
174,Michelle,Michelle,White,MichelleWhite@gmail.com,"173 Cook Cape
Port Adrianhaven, WI 30889",no,no,no,no
175,Colleen,Colleen,Hood,CHood36@yahoo.com,"72299 Heather Rapid
Vincentstad, MS 98990",no,no,no,no
176,Rachel,Rachel,Cannon,RachelCannon86@outlook.com,"USNV Griffin
FPO AA 89022",no,no,no,no
177,Kendra,Kendra,Johnson,KJohnson@bright.net,"34484 Brittany Isle Apt. 054
Schultzfort, TX 23287",no,no,no,no
178,Kelly,Kelly,Garcia,KGarcia95@yahoo.com,"3342 Rodriguez Brook
New Janet, WV 16237",no,no,no,no
179,Jeffrey,Jeffrey,Clark,JeffreyClark24@outlook.com,"87300 Guzman Squares Apt. 089
New Tonya, MD 18360",no,no,no,no
180,Kevin,Kevin,Collins,KevinCollins60@outlook.com,"923 Morgan Villages Suite 880
Port Andresville, NH 68756",no,no,no,no
181,Christopher,Christopher,Golden,ChristopherGolden43@outlook.com,"621 Sanchez Row
East Geraldport, FM 91024",no,no,no,no
182,Allen,Allen,Clayton,AClayton@bright.net,"2695 John View Apt. 894
West Loristad, MD 66576",no,no,no,no
183,Danielle,Danielle,Russell,DRussell@bright.net,"Unit 4871 Box 6023
DPO AA 55276",no,no,no,no
184,Alan,Alan,Thomas,AThomas63@yahoo.com,"3043 Davis Street
Littleshire, AS 54806",no,no,no,no
185,Edwin,Edwin,Maldonado,EdwinMaldonado37@outlook.com,"4736 Black Crossroad Apt. 393
Brittanyton, OR 00714",no,no,no,no
186,Antonio,Antonio,Wright,AntonioWright99@outlook.com,"57597 Bradley Junction Suite 153
Reynoldshaven, CO 83237",no,no,no,no
187,Samantha,Samantha,Diaz,SDiaz63@yahoo.com,"3405 Annette Trail Apt. 504
North Theresaburgh, SC 81872",no,no,no,no
188,Danny,Danny,Smith,DSmith@bright.net,"PSC 6250, Box 5387
APO AP 22627",no,no,no,no
189,Linda,Linda,Kim,LKim@bright.net,"07599 Denise Prairie
North Anthony, DC 99669",no,no,no,no
190,Paul,Paul,Delacruz,PaulDelacruz74@outlook.com,"0199 Alexander Islands
Port Michael, NC 79664",no,no,no,no
191,Duane,Duane,White,DuaneWhite13@outlook.com,"1113 Julie Ranch
Port Joel, OR 39926",no,no,no,no
192,Charles,Charles,Thomas,CharlesThomas@gmail.com,"058 Sherri Drive Suite 005
Danamouth, WA 35332",no,no,no,no
193,Amanda,Amanda,Rodriguez,AmandaRodriguez35@outlook.com,"3168 Daniels Plaza
Lake Warren, MH 77115",no,no,no,no
194,Adam,Adam,Robinson,AdamRobinson15@outlook.com,"6459 Michael Estate
South Sandra, LA 28517",no,no,no,no
195,Brad,Brad,Arnold,BArnold@bright.net,"4956 Helen Estates Suite 544
North Steven, MP 24618",no,no,no,no
196,Melissa,Melissa,Williams,MelissaWilliams@gmail.com,"2972 White Prairie
Traceyville, UT 97556",no,no,no,no
197,Kenneth,Kenneth,Shah,KShah69@yahoo.com,"2011 Padilla Cove
South Michaelfort, WV 70534",no,no,no,no
198,Louis,Louis,Beck,LBeck46@yahoo.com,"Unit 9119 Box 8648
DPO AA 06729",no,no,no,no
199,Michael,Michael,Roberts,MichaelRoberts21@outlook.com,"6610 Kennedy Mall Suite 364
North Joshuachester, LA 51628",no,no,no,no
200,Nicholas,Nicholas,Kelley,NicholasKelley38@outlook.com,"166 Contreras Forges Suite 012
Campbellfurt, OK 93502",no,no,no,no
201,Paul,Paul,Smith,PaulSmith@gmail.com,"3646 Tiffany Course
Rickytown, CA 71716",no,no,no,no
202,Geoffrey,Geoffrey,Guerra,GeoffreyGuerra19@outlook.com,"74888 Owen Brook
Harrellside, ND 65531",no,no,no,no
203,Julie,Julie,Reid,JReid@bright.net,"351 Sanford Burgs Apt. 222
New Jimtown, ND 42795",no,no,no,no
204,Heather,Heather,Sanchez,HSanchez@bright.net,"11760 Allen Ford
Samanthatown, GA 85035",no,no,no,no
205,Robert,Robert,Long,RobertLong40@outlook.com,"245 Graham Spring
East Robertfurt, KS 42404",no,no,no,no
206,April,April,Briggs,ABriggs91@yahoo.com,"635 Campbell Rapids Apt. 279
Christinaberg, PR 68200",no,no,no,no
207,Tiffany,Tiffany,Perry,TiffanyPerry31@outlook.com,"4290 Cook Grove
Kellystad, WY 62328",no,no,no,no
208,Jeanette,Jeanette,Howell,JeanetteHowell86@outlook.com,"0849 Dale Brooks
East Steven, MO 35924",no,no,no,no
209,Terri,Terri,Little,TerriLittle@gmail.com,"64517 Daniels Drive
West Rebeccaborough, OH 67746",no,no,no,no
210,Daniel,Daniel,Lee,DanielLee74@outlook.com,"50105 Hernandez Ports
Wrightfurt, GU 76119",no,no,no,no
211,Adriana,Adriana,King,AdrianaKing30@outlook.com,"187 Gregory Roads
Pricefort, MI 23534",no,no,no,no
212,Nancy,Nancy,Navarro,NNavarro@bright.net,"072 Patel Burgs
Carlport, NM 49381",no,no,no,no
213,Denise,Denise,Horn,DeniseHorn@gmail.com,"10927 Thomas Ways Suite 571
North Ginaside, MD 64055",no,no,no,no
214,Robert,Robert,Wright,RobertWright@gmail.com,"93004 Eric Crossroad Suite 132
Dicksonshire, MH 95826",no,no,no,no
215,Kristin,Kristin,Holt,KristinHolt@gmail.com,"0120 Martinez Mountains Suite 205
Danielleland, AR 46025",no,no,no,no
216,Leslie,Leslie,Conrad,LConrad95@yahoo.com,"03574 Nicole Vista
North Douglaston, IA 83166",no,no,no,no
217,John,John,Weiss,JohnWeiss@gmail.com,"Unit 9726 Box 0276
DPO AE 88559",no,no,no,no
218,Tiffany,Tiffany,Watkins,TWatkins@bright.net,"5830 Schmitt Causeway Suite 958
Jennifertown, NE 57745",no,no,no,no
219,John,John,Jones,JJones@bright.net,"4295 Alvarez Lights
Aarontown, OK 67676",no,no,no,no
220,Robert,Robert,Thomas,RobertThomas82@outlook.com,"72876 John Square Apt. 898
Lake Jeffreyshire, VT 21677",no,no,no,no
221,Chelsea,Chelsea,Andrade,CAndrade@bright.net,"5975 Denise Forest
New Joshua, VA 90239",no,no,no,no
222,Paul,Paul,Knight,PaulKnight@gmail.com,"49104 York Court Apt. 369
West Randy, RI 65476",no,no,no,no
223,Jacob,Jacob,Richardson,JRichardson49@yahoo.com,"3682 Tiffany Tunnel Apt. 456
North Willieton, SC 22713",no,no,no,no
224,Karen,Karen,Harris,KHarris@bright.net,"4367 Zachary Roads Apt. 697
Wilcoxchester, WI 20232",no,no,no,no
225,George,George,Valencia,GeorgeValencia46@outlook.com,"0897 Nathan Prairie Suite 186
South Elizabethmouth, AK 10478",no,no,no,no
226,Andrew,Andrew,Moore,AndrewMoore19@outlook.com,"25897 Gutierrez Drives Apt. 731
Port Stephanie, UT 30221",no,no,no,no
227,Richard,Richard,Watson,RWatson32@yahoo.com,"PSC 8227, Box 4262
APO AP 60531",no,no,no,no
228,Katrina,Katrina,Logan,KatrinaLogan@gmail.com,"8239 Garcia Summit
Davischester, VT 52588",no,no,no,no
229,David,David,Grimes,DavidGrimes@gmail.com,"405 Benson Divide
South Jeremy, ME 82910",no,no,no,no
230,Catherine,Catherine,Johnson,CJohnson13@yahoo.com,"12060 Molly Road Suite 472
Smallfurt, SD 97079",no,no,no,no
231,Robin,Robin,Houston,RobinHouston59@outlook.com,"427 Arnold Shore
Clarkborough, RI 31768",no,no,no,no
232,Erika,Erika,Valdez,ErikaValdez@gmail.com,"0034 Palmer Field Apt. 607
Herringhaven, VT 41199",no,no,no,no
233,Sean,Sean,Carlson,SCarlson81@yahoo.com,"4449 Justin Course Apt. 320
Amberton, MI 96625",no,no,no,no
234,Natalie,Natalie,Grimes,NatalieGrimes79@outlook.com,"733 Valerie Park Apt. 015
West Beth, IL 36580",no,no,no,no
235,Matthew,Matthew,Coffey,MatthewCoffey@gmail.com,"408 Reynolds Isle
South Renee, TX 82821",no,no,no,no
236,Lori,Lori,Nelson,LNelson54@yahoo.com,"89397 Mary Rapids Apt. 566
Bridgetside, IN 27314",no,no,no,no
237,Erik,Erik,Parker,EParker@bright.net,"53362 Stewart Roads Suite 163
Edwardshire, ME 18559",no,no,no,no
238,Marc,Marc,Howard,MarcHoward@gmail.com,"2101 Stephen Light Apt. 311
West Dana, KS 23720",no,no,no,no
239,Jessica,Jessica,Mosley,JMosley20@yahoo.com,"8214 Fred Isle Apt. 100
Port Veronica, IA 64074",no,no,no,no
240,Heather,Heather,Fitzgerald,HFitzgerald65@yahoo.com,"1146 Rose Expressway Apt. 599
Fernandezland, PA 58298",no,no,no,no
241,Gabriel,Gabriel,Rodriguez,GabrielRodriguez@gmail.com,"11871 Jennifer Wall Suite 611
Butlerborough, VI 10123",no,no,no,no
242,Kim,Kim,Doyle,KDoyle13@yahoo.com,"0254 Jessica Knolls
Michaelbury, IL 98626",no,no,no,no
243,Nicole,Nicole,Johnson,NJohnson14@yahoo.com,"656 Angela Valleys
Nicoleview, NM 83448",no,no,no,no
244,Paula,Paula,Garcia,PaulaGarcia@gmail.com,"USS Hanson
FPO AP 46161",no,no,no,no
245,Ronald,Ronald,Casey,RonaldCasey@gmail.com,"88914 Ashlee Street Apt. 278
East Anna, ND 88317",no,no,no,no
246,Aaron,Aaron,Richardson,ARichardson@bright.net,"175 Phyllis Lodge
East Samanthaborough, NJ 61806",no,no,no,no
247,Christian,Christian,Peterson,ChristianPeterson@gmail.com,"USCGC Park
FPO AE 75110",no,no,no,no
248,Mary,Mary,Park,MPark61@yahoo.com,"3001 Williams Road
Williamstad, AL 68212",no,no,no,no
249,Catherine,Catherine,Johnson,CJohnson32@yahoo.com,"575 Rubio Flats
New Tylerville, MN 79101",no,no,no,no
250,Alex,Alex,Washington,AWashington43@yahoo.com,"47880 Clark Key
Samanthaton, DC 19149",no,no,no,no
251,Mario,Mario,Smith,MSmith@bright.net,"8243 Nathan Flat
North Daniel, MI 87019",no,no,no,no
252,Austin,Austin,Peters,AustinPeters@gmail.com,"197 Rich Underpass
Allenton, AZ 89413",no,no,no,no
253,Patricia,Patricia,Jones,PJones35@yahoo.com,"USNV Livingston
FPO AE 99373",no,no,no,no
254,Ronald,Ronald,Stewart,RonaldStewart32@outlook.com,"96436 Willis Stravenue Suite 163
South Misty, NC 87316",no,no,no,no
255,Elizabeth,Elizabeth,Lucas,ElizabethLucas@gmail.com,"64205 Alexander Port
Matthewbury, NH 57054",no,no,no,no
256,Thomas,Thomas,Mitchell,ThomasMitchell97@outlook.com,"141 Andrew Passage
Kennethchester, KY 56104",no,no,no,no
257,Tracy,Tracy,Walsh,TWalsh@bright.net,"8077 Clark Rapid
Lake Scottview, HI 83556",no,no,no,no
258,Anthony,Anthony,Allison,AnthonyAllison@gmail.com,"1017 Natalie Motorway
Garrettview, MP 33240",no,no,no,no
259,Julie,Julie,Luna,JLuna@bright.net,"24372 Lewis Court Apt. 923
Philipstad, FM 96289",no,no,no,no
260,Michael,Michael,Davis,MDavis90@yahoo.com,"9441 Amy Lodge Suite 945
Port Christopherstad, MP 78277",no,no,no,no
261,Whitney,Whitney,Diaz,WDiaz@bright.net,"026 Mark Freeway
North Danielle, NJ 90773",no,no,no,no
262,Haley,Haley,Stone,HaleyStone74@outlook.com,"804 Sanders Cove
Morrishaven, AZ 89936",no,no,no,no
263,Joseph,Joseph,Green,JGreen63@yahoo.com,"438 Linda Land
Taylorberg, MP 70767",no,no,no,no
264,Norman,Norman,Shah,NormanShah@gmail.com,"411 Kimberly Unions Apt. 230
Danielborough, KY 96440",no,no,no,no
265,Justin,Justin,Sparks,JSparks38@yahoo.com,"015 Price Landing
Salazarland, FM 61002",no,no,no,no
266,Eric,Eric,Graham,EGraham96@yahoo.com,"31790 Hughes Hollow
North Elizabethhaven, OR 82345",no,no,no,no
267,Don,Don,Wells,DWells@bright.net,"0335 Lori Well Suite 697
Robertsside, PA 01386",no,no,no,no
268,Tammy,Tammy,West,TammyWest@gmail.com,"15147 Joshua Lakes
West Davidfort, MD 75615",no,no,no,no
269,Kathleen,Kathleen,Owens,KOwens@bright.net,"4225 Haynes Road
Martinmouth, AL 61571",no,no,no,no
270,Jessica,Jessica,Burns,JessicaBurns72@outlook.com,"78926 David Ville Apt. 950
Lake Christopherside, WY 14163",no,no,no,no
271,Alicia,Alicia,West,AWest46@yahoo.com,"6347 Rachel Brook
Lake Rebeccaview, LA 98509",no,no,no,no
272,Earl,Earl,Vance,EarlVance27@outlook.com,"08056 Cheryl Brook Suite 681
Leslieberg, VI 91979",no,no,no,no
273,Edward,Edward,Camacho,ECamacho@bright.net,"98395 Tammy Shoals Apt. 150
Aprilport, TX 44878",no,no,no,no
274,Donna,Donna,Fowler,DFowler59@yahoo.com,"901 Miller Corners Suite 571
New Carolinestad, NV 32159",no,no,no,no
275,Martin,Martin,Rogers,MRogers@bright.net,"2102 Lindsey Parkway
Sarahport, TN 30012",no,no,no,no
276,Brooke,Brooke,Cole,BCole35@yahoo.com,"212 Holden Pine Apt. 919
Kevinburgh, RI 14010",no,no,no,no
277,Jeffrey,Jeffrey,Rivera,JRivera20@yahoo.com,"76390 Clark Landing Apt. 794
Juliefurt, OR 92199",no,no,no,no
278,Amber,Amber,Marquez,AmberMarquez74@outlook.com,"6404 Haynes Trail Suite 837
Richardland, NY 12575",no,no,no,no
279,Shane,Shane,Johnson,SJohnson@bright.net,"473 Paul Gateway Apt. 423
Sabrinachester, ME 15693",no,no,no,no
280,Lisa,Lisa,Sandoval,LSandoval62@yahoo.com,"4650 Paul Square
Morganborough, VA 35537",no,no,no,no
281,Nathaniel,Nathaniel,Young,NYoung@bright.net,"674 Amanda Grove Apt. 438
Wilkinsville, MH 48774",no,no,no,no
282,David,David,Hicks,DHicks19@yahoo.com,"USS Brown
FPO AA 35791",no,no,no,no
283,Whitney,Whitney,Hayes,WHayes@bright.net,"5629 Sandra Corners
North Andreshire, HI 59806",no,no,no,no
284,Jeremy,Jeremy,Lewis,JeremyLewis@gmail.com,"6820 Nicholas Loop
North Arthurland, IL 43410",no,no,no,no
285,John,John,Smith,JSmith49@yahoo.com,"21639 Sanchez Hollow Apt. 510
Mirandachester, MD 97249",no,no,no,no
286,Elizabeth,Elizabeth,Roberson,ElizabethRoberson83@outlook.com,"66557 Bowman Fall Apt. 020
East Matthew, OK 93843",no,no,no,no
287,Robin,Robin,Johnson,RJohnson32@yahoo.com,"785 Alexis Ridges Apt. 355
Jeffreyport, UT 73056",no,no,no,no
288,Stephen,Stephen,Hall,StephenHall@gmail.com,"664 Brian Junctions Suite 036
Jillport, MA 72304",no,no,no,no
289,Peter,Peter,Gross,PGross@bright.net,"92632 Lawrence Point
North Tiffanyville, IN 51235",no,no,no,no
290,Kathryn,Kathryn,Davis,KathrynDavis@gmail.com,"573 Emily Spring Suite 014
Tammyfurt, CT 07782",no,no,no,no
291,Mark,Mark,Martinez,MarkMartinez@gmail.com,"228 Megan Village
South Andrew, MT 85488",no,no,no,no
292,Richard,Richard,Lee,RLee@bright.net,"9196 Joshua Extension
Liuview, NM 94315",no,no,no,no
293,Meghan,Meghan,Chavez,MChavez94@yahoo.com,"78876 Romero Trafficway Suite 605
Emilyshire, FL 15403",no,no,no,no
294,Aaron,Aaron,Roberson,ARoberson91@yahoo.com,"PSC 5392, Box 7675
APO AP 17520",no,no,no,no
295,Ashley,Ashley,Carter,AshleyCarter33@outlook.com,"13097 Duffy Inlet Suite 146
Lake Alison, CO 04477",no,no,no,no
296,Priscilla,Priscilla,Smith,PSmith@bright.net,"1876 Tonya Harbor
Port Veronicaville, ND 89434",no,no,no,no
297,Adam,Adam,Rivera,ARivera10@yahoo.com,"765 Cortez Viaduct
West Brianborough, MP 44532",no,no,no,no
298,Christopher,Christopher,Reid,CReid@bright.net,"99879 Hill Vista
Hinesfurt, NV 79171",no,no,no,no
299,Stephanie,Stephanie,Hancock,SHancock29@yahoo.com,"848 Sanford Plaza
Nelsonberg, MN 10081",no,no,no,no
300,Matthew,Matthew,Robinson,MRobinson45@yahoo.com,"47230 Smith Plain Apt. 015
West Kevin, ID 12809",no,no,no,no
301,Linda,Linda,Walker,LWalker37@yahoo.com,"820 Christopher Vista Apt. 662
Morrowburgh, AZ 62678",yes,no,no,no
302,Linda,Linda,Walker,LWalker37@yahoo.com,"820 Christopher Vista Apt. 662
Morrowburgh, AZ 62678",yes,no,no,no
303,Brenda,Brenda,Gibson,BGibson17@yahoo.com,"55544 Lopez Roads Apt. 726
Kimberlyshire, OH 29814",yes,no,no,no
304,Brenda,Brenda,Gibson,BGibson17@yahoo.com,"55544 Lopez Roads Apt. 726
Kimberlyshire, OH 29814",yes,no,no,no
305,Taylor,Taylor,Estes,TaylorEstes73@outlook.com,"Unit 3206 Box 0860
DPO AE 98833",yes,no,no,no
306,Taylor,Taylor,Estes,TaylorEstes73@outlook.com,"Unit 3206 Box 0860
DPO AE 98833",yes,no,no,no
307,Charles,Charles,Mora,CharlesMora@gmail.com,"50832 Adam Burg Suite 563
Lake Victoriabury, PW 56339",yes,no,no,no
308,Charles,Charles,Mora,CharlesMora@gmail.com,"50832 Adam Burg Suite 563
Lake Victoriabury, PW 56339",yes,no,no,no
309,Samantha,Samantha,Green,SGreen@bright.net,"67912 Thompson Glens Suite 374
Pacetown, OR 47917",yes,no,no,no
310,Samantha,Samantha,Green,SGreen@bright.net,"67912 Thompson Glens Suite 374
Pacetown, OR 47917",yes,no,no,no
311,Alan,Alan,Pierce,AlanPierce@gmail.com,"3261 Bryan Way
Samanthastad, NV 42123",yes,no,no,no
312,Alan,Alan,Pierce,AlanPierce@gmail.com,"3261 Bryan Way
Samanthastad, NV 42123",yes,no,no,no
313,Christopher,Christopher,Armstrong,CArmstrong92@yahoo.com,"Unit 2612 Box 7476
DPO AE 66355",yes,no,no,no
314,Christopher,Christopher,Armstrong,CArmstrong92@yahoo.com,"Unit 2612 Box 7476
DPO AE 66355",yes,no,no,no
315,Megan,Megan,Miller,MeganMiller@gmail.com,"09965 Daniel Ridges Apt. 497
Paulbury, MP 87529",yes,no,no,no
316,Megan,Megan,Miller,MeganMiller@gmail.com,"09965 Daniel Ridges Apt. 497
Paulbury, MP 87529",yes,no,no,no
317,Ricky,Ricky,Ramos,RRamos@bright.net,"59073 Robert Burg Apt. 199
Port Triciaview, ID 93958",yes,no,no,no
318,Ricky,Ricky,Ramos,RRamos@bright.net,"59073 Robert Burg Apt. 199
Port Triciaview, ID 93958",yes,no,no,no
319,Sarah,Sarah,Palmer,SarahPalmer@gmail.com,"USS Hansen
FPO AP 89202",yes,no,no,no
320,Sarah,Sarah,Palmer,SarahPalmer@gmail.com,"USS Hansen
FPO AP 89202",yes,no,no,no
321,Donald and Beth,Donald and Beth,Tucker,Tucker17@outlook.com,"PSC 4158, Box 8109
APO AP 08641",yes,no,yes,no
322,Donald and Beth,Donald and Beth,Tucker,Tucker17@outlook.com,"PSC 4158, Box 8109
APO AP 08641",yes,no,yes,no
323,Matthew,Matthew,Adkins,MAdkins@bright.net,"06158 Stacey Freeway Suite 484
Sharonton, AL 69945",yes,no,no,no
324,Matthew,Matthew,Adkins,MAdkins@bright.net,"06158 Stacey Freeway Suite 484
Sharonton, AL 69945",yes,no,no,no
325,Sarah,Sarah,Weber,SarahWeber94@outlook.com,"PSC 5682, Box 9900
APO AA 15822",yes,no,no,no
326,Sarah,Sarah,Weber,SarahWeber94@outlook.com,"PSC 5682, Box 9900
APO AA 15822",yes,no,no,no
327,Peter,Peter,Rodriguez,PeterRodriguez14@outlook.com,"0690 Anthony Falls Suite 027
Cooktown, DE 91880",yes,no,no,no
328,Peter,Peter,Rodriguez,PeterRodriguez14@outlook.com,"0690 Anthony Falls Suite 027
Cooktown, DE 91880",yes,no,no,no
329,wyan,wyan,Lowe,wyanLowe66@outlook.com,"346 James Plaza
Thompsonmouth, DC 91414",yes,no,no,First Name
330,Ryan,Ryan,Lowe,RyanLowe66@outlook.com,"346 James Plaza
Thompsonmouth, DC 91414",yes,no,no,First Name
331,Elizabeth,Elizabeth,Mercer,EMercer@bright.net,"62061 Rhodes Haven
Jamesville, PR 98164",yes,no,no,no
332,Elizabeth,Elizabeth,Mercer,EMercer@bright.net,"62061 Rhodes Haven
Jamesville, PR 98164",yes,no,no,no
333,Mark,Mark,Ward,MarkWard37@outlook.com,"42512 Amber Creek
Jessefurt, UT 58183",yes,no,no,no
334,Mark,Mark,Ward,MarkWard37@outlook.com,"42512 Amber Creek
Jessefurt, UT 58183",yes,no,no,no
335,Tara,Tara,Glenn,TaraGlenn99@outlook.com,"787 Rodriguez Rapid
Port Anthony, IA 56869",yes,no,no,no
336,Tara,Tara,Glenn,TaraGlenn99@outlook.com,"787 Rodriguez Rapid
Port Anthony, IA 56869",yes,no,no,no
337,George,George,Lopez,GLopez@bright.net,"058 Kim Lodge Apt. 166
Sueburgh, ND 19235",yes,no,no,no
338,George,George,Lopez,GLopez@bright.net,"058 Kim Lodge Apt. 166
Sueburgh, ND 19235",yes,no,no,no
339,Jessica and Samantha,Jessica and Samantha,Berry,Berry93@bright.net,"6132 Alexandra Garden Apt. 163
East Kenneth, AZ 80795",yes,no,yes,no
340,Samantha and Jessica,Samantha and Jessica,Berry,Berry93@bright.net,"6132 Alexandra Garden Apt. 163
East Kenneth, AZ 80795",yes,no,yes,no
341,Pamela,Pamela,Ramirez,PRamirez69@yahoo.com,"914 Susan Vista
Port John, MO 62306",yes,no,no,no
342,Pamela,Pamela,Ramirez,PRamirez69@yahoo.com,"914 Susan Vista
Port John, MO 62306",yes,no,no,no
343,Lori,Lori,Shaw,LoriShaw20@outlook.com,"7000 Eric Plains Apt. 529
Lopezview, MH 71719",yes,no,no,no
344,Lori,Lori,Shaw,LoriShaw20@outlook.com,"7000 Eric Plains Apt. 529
Lopezview, MH 71719",yes,no,no,no
345,Ricky,Ricky,Allen,RickyAllen89@outlook.com,"5450 Benjamin Green Apt. 670
West Jennifer, SC 94321",yes,no,no,no
346,Ricky,Ricky,Allen,RickyAllen89@outlook.com,"5450 Benjamin Green Apt. 670
West Jennifer, SC 94321",yes,no,no,no
347,Barbara,Barbara,Giflespie,BGiflespie@bright.net,"45455 April Garden Apt. 787
Lake Laura, CA 15211",yes,no,no,Last Name
348,Barbara,Barbara,Gillespie,BGillespie@bright.net,"45455 April Garden Apt. 787
Lake Laura, CA 15211",yes,no,no,Last Name
349,Juan,Juan,Wilson,JWilson58@yahoo.com,"USNS Smith
FPO AP 25376",yes,no,no,no
350,Juan,Juan,Wilson,JWilson58@yahoo.com,"USNS Smith
FPO AP 25376",yes,no,no,no
351,Corey and Amanda,Corey and Amanda,Whitney,Whitney74@yahoo.com,"13649 Kim Curve
Jonesburgh, NE 03529",yes,no,yes,no
352,Amanda and Corey,Amanda and Corey,Whitney,Whitney74@yahoo.com,"13649 Kim Curve
Jonesburgh, NE 03529",yes,no,yes,no
353,Elizabeth,Elizabeth,Zuniga,ElizabethZuniga@gmail.com,"6793 Sharon Fords Apt. 644
Hodgesshire, NJ 75767",yes,no,no,no
354,Elizabeth,Elizabeth,Zuniga,ElizabethZuniga@gmail.com,"6793 Sharon Fords Apt. 644
Hodgesshire, NJ 75767",yes,no,no,no
355,Sophia and Adam,Sophia and Adam,Jensen,Jensen99@gmail.com,"USNV Gardner
FPO AA 99286",yes,no,yes,no
356,Sophia and Adam,Sophia and Adam,Jensen,Jensen99@gmail.com,"USNV Gardner
FPO AA 99286",yes,no,yes,no
357,Tyler,Tyler,Garner,TylerGarner@gmail.com,"62706 Daniel Wall
Larsonview, PW 74498",yes,no,no,no
358,Tyler,Tyler,Garner,TylerGarner@gmail.com,"62706 Daniel Wall
Larsonview, PW 74498",yes,no,no,no
359,Christopher,Christopher,Gracia,ChristopherGracia76@outlook.com,"8055 Anna Hill
Lake Heatherside, PA 81061",yes,Last Name,no,no
360,Christopher,Christopher,Garcia,ChristopherGarcia76@outlook.com,"8055 Anna Hill
Lake Heatherside, PA 81061",yes,Last Name,no,no
361,Michael,Michael,Rodriguez,MichaelRodriguez@gmail.com,"246 Harmon Underpass Suite 742
Ricardoland, KY 46410",yes,no,no,no
362,Michael,Michael,Rodriguez,MichaelRodriguez@gmail.com,"246 Harmon Underpass Suite 742
Ricardoland, KY 46410",yes,no,no,no
363,Michelle,Michelle,Armstrong,MichelleArmstrong@gmail.com,"9063 Robin Road Suite 368
Port Traci, MS 48442",yes,no,no,no
364,Michelle,Michelle,Armstrong,MichelleArmstrong@gmail.com,"9063 Robin Road Suite 368
Port Traci, MS 48442",yes,no,no,no
365,Alexandria,Alexandria,Rodriguez,ARodriguez@bright.net,"79119 Brandon Shoal Apt. 252
Rhondaborough, AS 09193",yes,no,no,no
366,Alexandria,Alexandria,Rodriguez,ARodriguez@bright.net,"79119 Brandon Shoal Apt. 252
Rhondaborough, AS 09193",yes,no,no,no
367,Aaron,Aaron,Gallagher,AaronGallagher99@outlook.com,"5794 Blanchard Forge Suite 131
New Jesseland, ND 78542",yes,no,no,no
368,Aaron,Aaron,Gallagher,AaronGallagher99@outlook.com,"5794 Blanchard Forge Suite 131
New Jesseland, ND 78542",yes,no,no,no
369,Karen,Karen,Stafford,KarenStafford@gmail.com,"Unit 8705 Box 8296
DPO AA 52497",yes,no,no,no
370,Karen,Karen,Stafford,KarenStafford@gmail.com,"Unit 8705 Box 8296
DPO AA 52497",yes,no,no,no
371,Tara,Tara,Vasquez,TVasquez55@yahoo.com,"399 Maria Turnpike Apt. 926
South Teresaview, IL 99000",yes,no,no,no
372,Tara,Tara,Vasquez,TVasquez55@yahoo.com,"399 Maria Turnpike Apt. 926
South Teresaview, IL 99000",yes,no,no,no
373,Joseph and Arthur,Joseph and Arthur,Smith,Smith10@gmail.com,"388 Reed Meadow Suite 079
West Kevin, TX 95292",yes,no,yes,no
374,Arthur and Joseph,Arthur and Joseph,Smith,Smith10@gmail.com,"388 Reed Meadow Suite 079
West Kevin, TX 95292",yes,no,yes,no
375,Christine and Brandon,Christine and Brandon,Olson,Olson34@outlook.com,"82215 Wood Fords Apt. 506
North Andrewshire, OR 75145",yes,no,yes,no
376,Brandon and Christine,Brandon and Christine,Olson,Olson34@outlook.com,"82215 Wood Fords Apt. 506
North Andrewshire, OR 75145",yes,no,yes,no
377,Kayla,Kayla,Bryan,KaylaBryan81@outlook.com,"1041 Woodward Glen Apt. 423
West Mark, KS 74536",yes,no,no,no
378,Kayla,Kayla,Bryan,KaylaBryan81@outlook.com,"1041 Woodward Glen Apt. 423
West Mark, KS 74536",yes,no,no,no
379,Julie,Julie,Bradford,JulieBradford65@outlook.com,"596 Tucker Forks
South Monica, PR 38204",yes,no,no,no
380,Julie,Julie,Bradford,JulieBradford65@outlook.com,"596 Tucker Forks
South Monica, PR 38204",yes,no,no,no
381,Donna,Donna,Christian,DonnaChristian39@outlook.com,"USNV Hebert
FPO AP 19908",yes,no,no,no
382,Donna,Donna,Christian,DonnaChristian39@outlook.com,"USNV Hebert
FPO AP 19908",yes,no,no,no
383,Albert,Albert,Wilson,AWilson97@yahoo.com,"20416 Jones Burg
Port Josephborough, DC 65565",yes,no,no,no
384,Albert,Albert,Wilson,AWilson97@yahoo.com,"20416 Jones Burg
Port Josephborough, DC 65565",yes,no,no,no
385,Kendra,Kendra,Mendez,KMendez@bright.net,"92465 Jennifer Street
New Amandamouth, GA 35577",yes,no,no,no
386,Kendra,Kendra,Mendez,KMendez@bright.net,"92465 Jennifer Street
New Amandamouth, GA 35577",yes,no,no,no
387,Sherry,Sherry,Garcia,SGarcia22@yahoo.com,"001 Cathy Causeway
Valerieton, OH 88844",yes,no,no,no
388,Sherry,Sherry,Garcia,SGarcia22@yahoo.com,"001 Cathy Causeway
Valerieton, OH 88844",yes,no,no,no
389,Toni,Toni,Horne,THorne97@yahoo.com,"6450 Newton Estates Suite 714
Scottmouth, NC 32315",yes,no,no,no
390,Toni,Toni,Horne,THorne97@yahoo.com,"6450 Newton Estates Suite 714
Scottmouth, NC 32315",yes,no,no,no
391,Jessica,Jessica,Quinn,JQuinn@bright.net,"797 Rhodes Canyon Apt. 043
Davisborough, WV 42148",yes,no,no,no
392,Jessica,Jessica,Quinn,JQuinn@bright.net,"797 Rhodes Canyon Apt. 043
Davisborough, WV 42148",yes,no,no,no
393,Sandra,Sandra,Lawrence,SLawrence@bright.net,"67221 Herrera Pine Apt. 536
Jessicamouth, KY 05456",yes,no,no,no
394,Sandra,Sandra,Lawrence,SLawrence@bright.net,"67221 Herrera Pine Apt. 536
Jessicamouth, KY 05456",yes,no,no,no
395,Tina and Thomas,Tina and Thomas,Franklin,Franklin52@yahoo.com,"3307 Klein Alley Suite 414
Mezamouth, IL 47075",yes,no,yes,no
396,Tina and Thomas,Tina and Thomas,Franklin,Franklin52@yahoo.com,"3307 Klein Alley Suite 414
Mezamouth, IL 47075",yes,no,yes,no
397,Mark,Mark,Torres,MTorres@bright.net,"0980 Stewart Ford
West Amy, NV 96874",yes,no,no,no
398,Mark,Mark,Torres,MTorres@bright.net,"0980 Stewart Ford
West Amy, NV 96874",yes,no,no,no
399,Renee and Curtis,Renee and Curtis,Crawford,Crawford83@outlook.com,"8568 Stewart Unions Suite 887
Shermanfort, OR 07577",yes,no,yes,no
400,Renee and Curtis,Renee and Curtis,Crawford,Crawford83@outlook.com,"8568 Stewart Unions Suite 887
Shermanfort, OR 07577",yes,no,yes,no
401,Aaron,Aaron,Hall,AHall@bright.net,"578 Brian Forest Suite 051
Port Tinaborough, NM 05967",yes,no,no,no
402,Aaron,Aaron,Hall,AHall@bright.net,"578 Brian Forest Suite 051
Port Tinaborough, NM 05967",yes,no,no,no
403,Anthony,Anthony,Morris,AMorris86@yahoo.com,"326 Berry Mountain
Boydton, OK 33286",yes,no,no,no
404,Anthony,Anthony,Morris,AMorris86@yahoo.com,"326 Berry Mountain
Boydton, OK 33286",yes,no,no,no
405,Nicholas,Nicholas,Adkins,NicholasAdkins@gmail.com,"7743 Annette View Apt. 264
New Henry, LA 10172",yes,no,no,no
406,Nicholas,Nicholas,Adkins,NicholasAdkins@gmail.com,"7743 Annette View Apt. 264
New Henry, LA 10172",yes,no,no,no
407,Kimberly and Linda,Kimberly and Linda,Roth,Roth13@bright.net,"160 Martinez Viaduct Apt. 993
Hayeston, CO 88493",yes,no,yes,no
408,Kimberly and Linda,Kimberly and Linda,Roth,Roth13@bright.net,"160 Martinez Viaduct Apt. 993
Hayeston, CO 88493",yes,no,yes,no
409,Kathleen,Kathleen,Brown,KathleenBrown@gmail.com,"47579 Matthew Overpass
Lake Joseph, IA 94490",yes,no,no,no
410,Kathleen,Kathleen,Brown,KathleenBrown@gmail.com,"47579 Matthew Overpass
Lake Joseph, IA 94490",yes,no,no,no
411,Sarah,Sarah,Delgado,SarahDelgado73@outlook.com,"98089 Michelle Unions Apt. 452
Brownside, VI 22598",yes,no,no,no
412,Sarah,Sarah,Delgado,SarahDelgado73@outlook.com,"98089 Michelle Unions Apt. 452
Brownside, VI 22598",yes,no,no,no
413,Molly,Molly,Berger,MollyBerger74@outlook.com,"985 Sara Highway
Jenningstown, IN 25638",yes,no,no,no
414,Molly,Molly,Berger,MollyBerger74@outlook.com,"985 Sara Highway
Jenningstown, IN 25638",yes,no,no,no
415,Gary,Gary,Hernandez,GHernandez99@yahoo.com,"2904 Julie Forks
Lake Jamesberg, IN 74187",yes,no,no,no
416,Gary,Gary,Hernandez,GHernandez99@yahoo.com,"2904 Julie Forks
Lake Jamesberg, IN 74187",yes,no,no,no
417,Steven,Steven,Martin,SMartin71@yahoo.com,"0335 Stevens Squares Suite 535
Jenniferbury, CO 56977",yes,no,no,no
418,Steven,Steven,Martin,SMartin71@yahoo.com,"0335 Stevens Squares Suite 535
Jenniferbury, CO 56977",yes,no,no,no
419,Robert,Robert,Perez,RobertPerez@gmail.com,"000 Anderson Greens Suite 984
Lake Dylantown, FM 84146",yes,no,no,no
420,Robert,Robert,Perez,RobertPerez@gmail.com,"000 Anderson Greens Suite 984
Lake Dylantown, FM 84146",yes,no,no,no
421,Donna,Donna,Edwards,DonnaEdwards46@outlook.com,"077 Suarez Centers Suite 722
Lake Kevinville, CA 13578",yes,no,no,no
422,Donna,Donna,Edwards,DonnaEdwards46@outlook.com,"077 Suarez Centers Suite 722
Lake Kevinville, CA 13578",yes,no,no,no
423,John,John,Potter,JPotter36@yahoo.com,"800 Murphy Pine
New Daniel, TN 51730",yes,no,no,no
424,John,John,Potter,JPotter36@yahoo.com,"800 Murphy Pine
New Daniel, TN 51730",yes,no,no,no
425,Diane,Diane,Butler,DButler31@yahoo.com,"27309 Justin Cliffs Apt. 065
Sherrifurt, KY 55052",yes,no,no,no
426,Diane,Diane,Butler,DButler31@yahoo.com,"27309 Justin Cliffs Apt. 065
Sherrifurt, KY 55052",yes,no,no,no
427,Jessica,Jessica,Rivera,JessicaRivera61@outlook.com,"590 Herman Harbor Suite 051
Cooperport, MA 89354",yes,no,no,no
428,Jessica,Jessica,Rivera,JessicaRivera61@outlook.com,"590 Herman Harbor Suite 051
Cooperport, MA 89354",yes,no,no,no
429,Melissa and Mark,Melissa and Mark,Brown,Brown46@bright.net,"354 Andrew Motorway
East Ericmouth, IL 96214",yes,no,yes,no
430,Melissa and Mark,Melissa and Mark,Brown,Brown46@bright.net,"354 Andrew Motorway
East Ericmouth, IL 96214",yes,no,yes,no
431,Rikc,Rikc,Jones,RikcJones88@outlook.com,"86076 Danielle Station
Bakerchester, FL 69382",yes,First Name,no,no
432,Rick,Rick,Jones,RickJones88@outlook.com,"86076 Danielle Station
Bakerchester, FL 69382",yes,First Name,no,no
433,Joseph,Joseph,Olson,JOlson@bright.net,"4217 Charles Isle Suite 459
South Courtney, AK 31392",yes,no,no,no
434,Joseph,Joseph,Olson,JOlson@bright.net,"4217 Charles Isle Suite 459
South Courtney, AK 31392",yes,no,no,no
435,Denise,Denise,Day,DeniseDay@gmail.com,"8178 Nichols Vista
West Jasmineberg, OR 65297",yes,no,no,no
436,Denise,Denise,Day,DeniseDay@gmail.com,"8178 Nichols Vista
West Jasmineberg, OR 65297",yes,no,no,no
437,Mary,Mary,Lopez,MLopez@bright.net,"306 Melvin Loaf Apt. 613
Port Michael, AK 87897",yes,no,no,no
438,Mary,Mary,Lopez,MLopez@bright.net,"306 Melvin Loaf Apt. 613
Port Michael, AK 87897",yes,no,no,no
439,Chris and Randy,Chris and Randy,Kane,Kane42@outlook.com,"Unit 8219 Box 5710
DPO AP 39844",yes,no,yes,no
440,Randy and Chris,Randy and Chris,Kane,Kane42@outlook.com,"Unit 8219 Box 5710
DPO AP 39844",yes,no,yes,no
441,Theresa,Theresa,Graham,TGraham@bright.net,"0996 Bradley Circles
West Scottbury, AZ 94557",yes,no,no,no
442,Theresa,Theresa,Graham,TGraham@bright.net,"0996 Bradley Circles
West Scottbury, AZ 94557",yes,no,no,no
443,James,James,Lewis,JamesLewis83@outlook.com,"1807 Amy Crescent
South Brandi, ID 36871",yes,no,no,no
444,James,James,Lewis,JamesLewis83@outlook.com,"1807 Amy Crescent
South Brandi, ID 36871",yes,no,no,no
445,Paul,Paul,Smith,PSmith@bright.net,"87513 Cross Dam Suite 966
Kentland, VI 09461",yes,no,no,no
446,Paul,Paul,Smith,PSmith@bright.net,"87513 Cross Dam Suite 966
Kentland, VI 09461",yes,no,no,no
447,Alexander,Alexander,Davis,AlexanderDavis@gmail.com,"3709 Spencer Springs
South Juliashire, FM 36389",yes,no,no,no
448,Alexander,Alexander,Davis,AlexanderDavis@gmail.com,"3709 Spencer Springs
South Juliashire, FM 36389",yes,no,no,no
449,Adriana,Adriana,Rodriguez,ARodriguez41@yahoo.com,"72154 Gonzales Ways
New Ashleyburgh, AS 97263",yes,no,no,no
450,Adriana,Adriana,Rodriguez,ARodriguez41@yahoo.com,"72154 Gonzales Ways
New Ashleyburgh, AS 97263",yes,no,no,no
451,Matthew and Allison,Matthew and Allison,Beltran,Beltran72@gmail.com,"24504 Ralph Estate Apt. 864
Millerview, VI 63976",yes,no,yes,no
452,Allison and Matthew,Allison and Matthew,Beltran,Beltran72@gmail.com,"24504 Ralph Estate Apt. 864
Millerview, VI 63976",yes,no,yes,no
453,Katherine,Katherine,Martinez,KMartinez14@yahoo.com,"9966 Fisher Spurs Apt. 336
North Aarontown, KS 16901",yes,no,no,no
454,Katherine,Katherine,Martinez,KMartinez14@yahoo.com,"9966 Fisher Spurs Apt. 336
North Aarontown, KS 16901",yes,no,no,no
455,Omar,Omar,Cooper,OmarCooper@gmail.com,"9003 Oneill Villages Suite 136
Tatefort, WV 53704",yes,no,no,no
456,Omar,Omar,Cooper,OmarCooper@gmail.com,"9003 Oneill Villages Suite 136
Tatefort, WV 53704",yes,no,no,no
457,Peter,Peter,Phillips,PeterPhillips@gmail.com,"4266 Kimberly Drive Suite 988
New Maria, KY 39458",yes,no,no,no
458,Peter,Peter,Phillips,PeterPhillips@gmail.com,"4266 Kimberly Drive Suite 988
New Maria, KY 39458",yes,no,no,no
459,Autumn and Mary,Autumn and Mary,Torres,Torres95@gmail.com,"45088 Freeman Land
New Dorothyville, GU 15287",yes,no,yes,no
460,Autumn and Mary,Autumn and Mary,Torres,Torres95@gmail.com,"45088 Freeman Land
New Dorothyville, GU 15287",yes,no,yes,no
461,Carolyn,Carolyn,Rivera,CarolynRivera@gmail.com,"5201 Walker Mill
Michaelville, VT 43254",yes,no,no,no
462,Carolyn,Carolyn,Rivera,CarolynRivera@gmail.com,"5201 Walker Mill
Michaelville, VT 43254",yes,no,no,no
463,Rebecca,Rebecca,Case,RebeccaCase@gmail.com,"18121 Sarah Cliff
Evansshire, OK 74389",yes,no,no,no
464,Rebecca,Rebecca,Case,RebeccaCase@gmail.com,"18121 Sarah Cliff
Evansshire, OK 74389",yes,no,no,no
465,Nancy,Nancy,Hernandez,NancyHernandez86@outlook.com,"401 Jackie Radial
Grayhaven, NE 40986",yes,no,no,no
466,Nancy,Nancy,Hernandez,NancyHernandez86@outlook.com,"401 Jackie Radial
Grayhaven, NE 40986",yes,no,no,no
467,Pamela and Tina,Pamela and Tina,George,George44@outlook.com,"37571 Brianna Vista Apt. 881
Seanchester, MS 75788",yes,no,yes,no
468,Tina and Pamela,Tina and Pamela,George,George44@outlook.com,"37571 Brianna Vista Apt. 881
Seanchester, MS 75788",yes,no,yes,no
469,Katie,Katie,Gray,KatieGray@gmail.com,"15452 Robert Run
Williamsbury, MI 90144",yes,no,no,no
470,Katie,Katie,Gray,KatieGray@gmail.com,"15452 Robert Run
Williamsbury, MI 90144",yes,no,no,no
471,Tohmas,Tohmas,Briggs,TBriggs@bright.net,"2383 William Loaf Suite 080
Pachecofort, HI 19720",yes,First Name,no,no
472,Thomas,Thomas,Briggs,TBriggs@bright.net,"2383 William Loaf Suite 080
Pachecofort, HI 19720",yes,First Name,no,no
473,Thomas,Thomas,Miller,TMiller@bright.net,"69181 Welch Way
Kariton, PA 05249",yes,no,no,no
474,Thomas,Thomas,Miller,TMiller@bright.net,"69181 Welch Way
Kariton, PA 05249",yes,no,no,no
475,Jonathan,Jonathan,Jones,JonathanJones45@outlook.com,"77474 Jon Way
Sarahtown, NJ 13831",yes,no,no,no
476,Jonathan,Jonathan,Jones,JonathanJones45@outlook.com,"77474 Jon Way
Sarahtown, NJ 13831",yes,no,no,no
477,Michael,Michael,Scott,MichaelScott25@outlook.com,"PSC 1420, Box 4746
APO AE 93004",yes,no,no,no
478,Michael,Michael,Scott,MichaelScott25@outlook.com,"PSC 1420, Box 4746
APO AE 93004",yes,no,no,no
479,John,John,Burch,JBurch@bright.net,"09470 Soto Club Apt. 439
North Maria, VA 17958",yes,no,no,no
480,John,John,Burch,JBurch@bright.net,"09470 Soto Club Apt. 439
North Maria, VA 17958",yes,no,no,no
481,Susan,Susan,Singh,SSingh70@yahoo.com,"194 Fuller Valleys Apt. 270
East Johnnyview, CO 23032",yes,no,no,no
482,Susan,Susan,Singh,SSingh70@yahoo.com,"194 Fuller Valleys Apt. 270
East Johnnyview, CO 23032",yes,no,no,no
483,Chad,Chad,Strickland,ChadStrickland64@outlook.com,"20848 Amber Plains Suite 917
Brandonburgh, IL 15031",yes,no,no,no
484,Chad,Chad,Strickland,ChadStrickland64@outlook.com,"20848 Amber Plains Suite 917
Brandonburgh, IL 15031",yes,no,no,no
485,Sara,Sara,Wong,SWong@bright.net,"873 Justin Rest Suite 180
Alexandrachester, WI 38442",yes,no,no,no
486,Sara,Sara,Wong,SWong@bright.net,"873 Justin Rest Suite 180
Alexandrachester, WI 38442",yes,no,no,no
487,Michael and Brandon,Michael and Brandon,Nelson,Nelson62@yahoo.com,"9900 Williams Ford Apt. 049
Nicholasfurt, KS 45862",yes,no,yes,no
488,Michael and Brandon,Michael and Brandon,Nelson,Nelson62@yahoo.com,"9900 Williams Ford Apt. 049
Nicholasfurt, KS 45862",yes,no,yes,no
489,Nicholas,Nicholas,Kelley,NKelley@bright.net,"92806 Conley Flat Suite 523
Noblestad, LA 68336",yes,no,no,no
490,Nicholas,Nicholas,Kelley,NKelley@bright.net,"92806 Conley Flat Suite 523
Noblestad, LA 68336",yes,no,no,no
491,Sheila and Megan,Sheila and Megan,Brady,Brady40@gmail.com,"12899 Gonzalez Junction Suite 907
Gomezton, MI 89980",yes,no,yes,no
492,Sheila and Megan,Sheila and Megan,Brady,Brady40@gmail.com,"12899 Gonzalez Junction Suite 907
Gomezton, MI 89980",yes,no,yes,no
493,Charles,Charles,Thomas,CharlesThomas@gmail.com,"4413 Rodriguez Heights
North Justinville, NE 38923",yes,no,no,no
494,Charles,Charles,Thomas,CharlesThomas@gmail.com,"4413 Rodriguez Heights
North Justinville, NE 38923",yes,no,no,no
495,Yolanda,Yolanda,Owens,YOwens@bright.net,"41264 Casey Creek
Port Victoriamouth, NH 84574",yes,no,no,no
496,Yolanda,Yolanda,Owens,YOwens@bright.net,"41264 Casey Creek
Port Victoriamouth, NH 84574",yes,no,no,no
497,Erni,Erni,Harrington,EHarrington30@yahoo.com,"9291 Jessica Divide Apt. 959
South Jeffrey, HI 85927",yes,First Name,no,no
498,Erin,Erin,Harrington,EHarrington30@yahoo.com,"9291 Jessica Divide Apt. 959
South Jeffrey, HI 85927",yes,First Name,no,no
499,Jeremy,Jeremy,Johnson,JJohnson@bright.net,"PSC 6539, Box 1707
APO AE 11524",yes,no,no,no
500,Jeremy,Jeremy,Johnson,JJohnson@bright.net,"PSC 6539, Box 1707
APO AE 11524",yes,no,no,no
