id,given_name,preferred_name,surname,email,address,match,typo,couple,missclick
1,Alexandra,Alexandra,Griffin,AlexandraGriffin@gmail.com,"07170 William Land
Deborahville, PA 08372",no,no,no,no
2,Morgan,Morgan,Walker,MorganWalker@gmail.com,"USCGC Phillips
FPO AE 29179",no,no,no,no
3,Carrie,Carrie,Gordon,CGordon@bright.net,"009 Albert Junctions
South Jessicamouth, WI 44304",no,no,no,no
4,Daniel,Daniel,Miller,DMiller@bright.net,"14486 Kristine Squares Apt. 175
West Jasonview, AL 88283",no,no,no,no
5,Kevin,Kevin,Sandoval,KSandoval@bright.net,"4856 Nelson Throughway
Woodsberg, FL 57587",no,no,no,no
6,Kelly,Kelly,Cochran,KCochran@bright.net,"45016 Kelly Springs Apt. 520
Lake Lori, PR 48913",no,no,no,no
7,Jose,Jose,Johnson,JJohnson@bright.net,"14453 Dennis Fields Suite 348
West Robertfurt, GU 04721",no,no,no,no
8,Eric,Eric,Thompson,EThompson@bright.net,"7676 Donaldson Station
South Joseph, WY 17130",no,no,no,no
9,Yesenia,Yesenia,Bradley,YeseniaBradley@gmail.com,"55095 Hall Walks
North Michaelshire, VA 61725",no,no,no,no
10,Cassandra,Cassandra,Nelson,CNelson@bright.net,"0098 Thomas Locks
West Christown, ID 79169",no,no,no,no
11,Jonathan,Jonathan,Baker,JBaker@bright.net,"9449 Robyn Gateway Suite 390
Tinashire, OK 10365",no,no,no,no
12,Cynthia,Cynthia,Mccarthy,CynthiaMccarthy91@outlook.com,"509 Brad Forge
South Michaelview, SC 10950",no,no,no,no
13,Wesley,Wesley,Arroyo,WArroyo48@yahoo.com,"28065 Michelle Extension
North Madelineborough, CA 36555",no,no,no,no
14,Veronica,Veronica,Stein,VStein26@yahoo.com,"35476 Williams Via
West Nathaniel, AS 03423",no,no,no,no
15,Molly,Molly,Hess,MollyHess@gmail.com,"288 Owens Walks Suite 578
Lake Jefferybury, MN 16270",no,no,no,no
16,Suzanne,Suzanne,Carter,SuzanneCarter@gmail.com,"728 Frazier Via
Hernandezborough, MT 09609",no,no,no,no
17,Diane,Diane,Guzman,DGuzman79@yahoo.com,"7743 Cummings Rapid Apt. 884
Priceville, MI 27383",no,no,no,no
18,Marissa,Marissa,Wade,MarissaWade@gmail.com,"64283 Douglas Brooks
West Kimberly, CT 38306",no,no,no,no
19,Dave,Dave,Fox,DaveFox35@outlook.com,"41427 Washington Harbors Apt. 029
Amyfort, MH 87768",no,no,no,no
20,Drew,Drew,Oconnor,DrewOconnor89@outlook.com,"74867 John Curve
New Erin, NY 87193",no,no,no,no
21,Wesley,Wesley,Reynolds,WesleyReynolds@gmail.com,"1183 Paige Station
New Angelahaven, WI 12168",no,no,no,no
22,Scott,Scott,Romero,SRomero20@yahoo.com,"907 Kelli Canyon
Christopherhaven, MN 09562",no,no,no,no
23,Randy,Randy,Lee,RLee94@yahoo.com,"32263 Castro Valley
Davidmouth, AS 62012",no,no,no,no
24,Joseph,Joseph,Klein,JKlein@bright.net,"554 Dawn Pass
New Laura, PR 68910",no,no,no,no
25,Brenda,Brenda,Fleming,BrendaFleming85@outlook.com,"17567 Griffin Manors
Lake Anthony, DE 87827",no,no,no,no
26,Tammy,Tammy,Wade,TWade@bright.net,"PSC 5387, Box 6949
APO AP 16522",no,no,no,no
27,Kathleen,Kathleen,Welch,KWelch@bright.net,"8596 Jason Skyway Suite 018
Reginaville, WI 54565",no,no,no,no
28,Tamara,Tamara,Keith,TKeith99@yahoo.com,"90038 Tonya Mission
Garzaburgh, MI 41588",no,no,no,no
29,Andrea,Andrea,Ortega,AndreaOrtega66@outlook.com,"17216 Debra Villages Apt. 541
Kellyville, VI 26488",no,no,no,no
30,Joseph,Joseph,Greene,JosephGreene@gmail.com,"17927 Pearson Burgs
West Lisaview, PW 81374",no,no,no,no
31,Christopher,Christopher,Duncan,CDuncan59@yahoo.com,"PSC 2744, Box 6858
APO AE 28867",no,no,no,no
32,Taylor,Taylor,Morales,TaylorMorales@gmail.com,"Unit 3240 Box 1862
DPO AE 04643",no,no,no,no
33,Eric,Eric,Browning,EBrowning@bright.net,"309 Vargas Turnpike Apt. 248
Angelastad, GA 44089",no,no,no,no
34,Stacey,Stacey,Miller,StaceyMiller@gmail.com,"447 Travis Manor
East Jenniferborough, SC 19745",no,no,no,no
35,Michelle,Michelle,Wilson,MWilson@bright.net,"8846 Peggy Way Suite 109
Lake Timothytown, MI 83786",no,no,no,no
36,Amanda,Amanda,Reynolds,AmandaReynolds@gmail.com,"2658 Stephanie Fords Apt. 246
North Elizabeth, MP 25544",no,no,no,no
37,James,James,Collins,JamesCollins57@outlook.com,"63989 Tina Stravenue Suite 356
New Brettview, NY 07180",no,no,no,no
38,Michelle,Michelle,Nelson,MNelson@bright.net,"697 Beard Gardens Apt. 285
West Brittany, ID 99071",no,no,no,no
39,Kelly,Kelly,Stephens,KellyStephens16@outlook.com,"674 Richard Fall
Port Keithburgh, VT 97565",no,no,no,no
40,Marilyn,Marilyn,Wells,MWells57@yahoo.com,"056 Daniel Terrace Apt. 483
Michelleton, MH 62702",no,no,no,no
41,Alexander,Alexander,Meyers,AMeyers@bright.net,"137 Sawyer River Apt. 401
Connieburgh, GA 48602",no,no,no,no
42,Joshua,Joshua,Morris,JMorris@bright.net,"PSC 2113, Box 6875
APO AE 95442",no,no,no,no
43,Raymond,Raymond,Rivers,RaymondRivers@gmail.com,"249 Lozano Heights
Port Shannon, KY 24090",no,no,no,no
44,Sharon,Sharon,Floyd,SharonFloyd@gmail.com,"14818 Kevin Forge
Fordburgh, GA 69356",no,no,no,no
45,Julia,Julia,Mitchell,JuliaMitchell@gmail.com,"0556 Heather Islands
Wellsside, MO 16284",no,no,no,no
46,Elizabeth,Elizabeth,Clark,EClark51@yahoo.com,"PSC 2356, Box 9685
APO AA 24250",no,no,no,no
47,Gary,Gary,Scott,GScott87@yahoo.com,"635 Stephen Highway
Port Ruthland, MS 55862",no,no,no,no
48,Meredith,Meredith,Noble,MeredithNoble@gmail.com,"18211 Rodriguez Passage Apt. 924
Lake Rebekahside, WI 46410",no,no,no,no
49,Daniel,Daniel,Dawson,DDawson53@yahoo.com,"72604 Shepard Locks Suite 162
Williston, OR 69436",no,no,no,no
50,Donna,Donna,Duffy,DDuffy67@yahoo.com,"78191 John Shore Apt. 183
West Rebecca, NE 25718",no,no,no,no
51,Eric,Eric,Gallegos,EGallegos69@yahoo.com,"Unit 0206 Box 6171
DPO AE 33423",no,no,no,no
52,Corey,Corey,Martin,CMartin10@yahoo.com,"871 Klein Center
Aaronbury, MP 20921",no,no,no,no
53,Alexis,Alexis,Mccoy,AlexisMccoy@gmail.com,"PSC 3329, Box 7883
APO AE 37302",no,no,no,no
54,Amy,Amy,Walker,AmyWalker46@outlook.com,"0968 Lewis Streets
Lake Karinaland, MT 41784",no,no,no,no
55,Amber,Amber,Figueroa,AmberFigueroa51@outlook.com,"2417 Natasha Parkways
Lake Jasonberg, MT 43035",no,no,no,no
56,Michele,Michele,Garcia,MGarcia@bright.net,"166 Gutierrez Land
Codyton, ND 45788",no,no,no,no
57,Victoria,Victoria,White,VWhite@bright.net,"45283 Vincent Fort
Port Matthew, VT 75156",no,no,no,no
58,Shannon,Shannon,Ho,SHo64@yahoo.com,"319 Parker Tunnel
Lake Cindychester, HI 11478",no,no,no,no
59,Melissa,Melissa,English,MelissaEnglish@gmail.com,"3164 Sheila Place Apt. 068
West William, GU 43684",no,no,no,no
60,Bryce,Bryce,Morse,BMorse@bright.net,"647 Wright Course
Gregoryhaven, RI 60294",no,no,no,no
61,John,John,Kaufman,JohnKaufman@gmail.com,"Unit 2020 Box 2258
DPO AA 82327",no,no,no,no
62,David,David,Davis,DDavis81@yahoo.com,"5823 Anderson Passage Apt. 616
North Aaronland, CT 63862",no,no,no,no
63,Austin,Austin,Hanson,AHanson@bright.net,"000 Debra Mission Apt. 535
Howemouth, ID 10951",no,no,no,no
64,Thomas,Thomas,Perry,ThomasPerry39@outlook.com,"78944 Jose Centers Suite 850
Port Austin, TN 20093",no,no,no,no
65,Scott,Scott,Archer,SArcher90@yahoo.com,"6587 Melanie Garden Apt. 293
Adrianfort, MO 26860",no,no,no,no
66,Anna,Anna,Hamilton,AnnaHamilton64@outlook.com,"35173 Mary Fall Apt. 116
Rodriguezview, MP 31017",no,no,no,no
67,Ricky,Ricky,Lewis,RickyLewis11@outlook.com,"1570 Brendan Pines Suite 613
Mcdowellport, ND 19005",no,no,no,no
68,Karen,Karen,Matthews,KarenMatthews@gmail.com,"0167 Lori Land
West Melissa, CO 76576",no,no,no,no
69,Jackie,Jackie,Mosley,JackieMosley@gmail.com,"25696 Casey Knoll Suite 731
Lake Jonathan, CA 47942",no,no,no,no
70,Christian,Christian,Jones,CJones@bright.net,"760 Jones Stravenue Apt. 671
East Mark, NH 95610",no,no,no,no
71,Donna,Donna,Lewis,DLewis@bright.net,"125 Wright Square
New Sandra, ND 71127",no,no,no,no
72,Terry,Terry,Cruz,TCruz@bright.net,"USNV Fry
FPO AA 98358",no,no,no,no
73,Russell,Russell,May,RMay16@yahoo.com,"744 Heather Villages Apt. 495
Lake Erinhaven, MD 53083",no,no,no,no
74,Robin,Robin,Jones,RobinJones10@outlook.com,"4501 Brian Avenue Suite 569
Nealmouth, FM 16867",no,no,no,no
75,Kathleen,Kathleen,Hill,KHill97@yahoo.com,"24569 Tamara Freeway Suite 051
Charleston, IA 19576",no,no,no,no
76,Seth,Seth,Hernandez,SHernandez58@yahoo.com,"1654 Arias Place
Deniseton, MT 93193",no,no,no,no
77,Zachary,Zachary,Davis,ZacharyDavis@gmail.com,"4998 Turner Points Apt. 611
Davidfurt, AK 18770",no,no,no,no
78,Sarah,Sarah,Stone,SStone55@yahoo.com,"5027 Ellis Plain Apt. 659
Ellisonport, MT 55762",no,no,no,no
79,Bruce,Bruce,Gilbert,BruceGilbert@gmail.com,"50657 Troy Plaza Suite 473
New Daniel, HI 74189",no,no,no,no
80,Alyssa,Alyssa,Salinas,AlyssaSalinas55@outlook.com,"08562 Sherman Spring
Wilsonland, MN 10112",no,no,no,no
81,Michael,Michael,Roberts,MichaelRoberts@gmail.com,"20584 Andrew Stravenue
Lake Sonya, NV 23548",no,no,no,no
82,Mary,Mary,Carrillo,MaryCarrillo@gmail.com,"PSC 3863, Box 8093
APO AE 64052",no,no,no,no
83,Wesley,Wesley,Huff,WHuff70@yahoo.com,"912 Park Avenue
Snowmouth, FM 43577",no,no,no,no
84,Stacy,Stacy,Hahn,SHahn@bright.net,"943 Gary Cliff Apt. 198
East Melissastad, PR 18425",no,no,no,no
85,Dustin,Dustin,Hampton,DustinHampton@gmail.com,"2652 Elizabeth Trace
Christopherbury, AZ 98851",no,no,no,no
86,James,James,Cole,JamesCole@gmail.com,"6708 Hannah Streets
South Ashleyberg, PR 09026",no,no,no,no
87,David,David,Greene,DavidGreene@gmail.com,"558 Holmes Motorway
Lishire, MO 07826",no,no,no,no
88,Laurie,Laurie,Jones,LaurieJones42@outlook.com,"59389 Mitchell Islands Apt. 868
Johnsonstad, MS 86791",no,no,no,no
89,John,John,Bryant,JBryant68@yahoo.com,"947 Nguyen Crest
Port Arthurborough, MA 61213",no,no,no,no
90,Ashley,Ashley,Boyer,AshleyBoyer32@outlook.com,"052 Carrillo Street
East Sarahburgh, WV 42803",no,no,no,no
91,Stephanie,Stephanie,Austin,SAustin@bright.net,"136 Chris Trail
East Joseph, NC 23497",no,no,no,no
92,Christopher,Christopher,Evans,CEvans26@yahoo.com,"80795 Taylor Path
New Christophermouth, WI 80482",no,no,no,no
93,Victoria,Victoria,Powell,VPowell47@yahoo.com,"79779 Jones Lane
Bryanhaven, AR 35907",no,no,no,no
94,Haley,Haley,Nash,HNash@bright.net,"8509 Rachel Via Apt. 897
Scottfurt, CO 92487",no,no,no,no
95,Pamela,Pamela,Alvarez,PamelaAlvarez18@outlook.com,"3044 Hall Plains
Port Saraport, NE 75226",no,no,no,no
96,Kirk,Kirk,Anderson,KAnderson@bright.net,"533 Thomas Prairie
North Timothy, NH 73452",no,no,no,no
97,Tracy,Tracy,Garza,TracyGarza@gmail.com,"290 Mason Harbor
Boltonville, ND 14251",no,no,no,no
98,Edward,Edward,Murphy,EdwardMurphy@gmail.com,"60619 Adkins Creek Apt. 140
New Rebeccaland, NV 23956",no,no,no,no
99,Shawn,Shawn,Thomas,SThomas59@yahoo.com,"PSC 1678, Box 2336
APO AA 29253",no,no,no,no
100,Brandon,Brandon,Bridges,BrandonBridges@gmail.com,"3398 Hill Turnpike Suite 063
New Dylan, WY 94436",no,no,no,no
101,Brian,Brian,Mcclure,BrianMcclure98@outlook.com,"98474 Matthew Summit Apt. 089
Burkemouth, IA 84728",no,no,no,no
102,Kelsey,Kelsey,Martinez,KelseyMartinez31@outlook.com,"925 Todd Spring
West Rodneychester, SC 23361",no,no,no,no
103,Jason,Jason,Jarvis,JasonJarvis@gmail.com,"Unit 4758 Box 1882
DPO AP 56632",no,no,no,no
104,Richard,Richard,Hunt,RichardHunt@gmail.com,"9262 Cook Way
West Brandy, IA 33999",no,no,no,no
105,Lori,Lori,Yang,LoriYang77@outlook.com,"Unit 7753 Box 4028
DPO AP 73523",no,no,no,no
106,Jennifer,Jennifer,Guerra,JGuerra58@yahoo.com,"139 Megan Street
West Sharonshire, NE 13518",no,no,no,no
107,Karen,Karen,Smith,KSmith27@yahoo.com,"3721 Bowman Point
Vaughnmouth, SD 30303",no,no,no,no
108,Bonnie,Bonnie,Day,BDay@bright.net,"76291 Johnny Heights
East Nathanieltown, IA 22434",no,no,no,no
109,Jonathon,Jonathon,Brown,JBrown@bright.net,"4086 Phelps Loaf
Lake Whitneytown, MT 01211",no,no,no,no
110,Kara,Kara,Jefferson,KJefferson@bright.net,"520 Marcus Mountain
West Jason, AK 88507",no,no,no,no
111,Mary,Mary,Woodard,MaryWoodard@gmail.com,"3882 Rachel Village
West Christineshire, VI 40598",no,no,no,no
112,Christopher,Christopher,Jackson,ChristopherJackson91@outlook.com,"6891 Sandra Row
West Nicholas, ME 10204",no,no,no,no
113,Melissa,Melissa,Lang,MelissaLang72@outlook.com,"555 Rodriguez Centers
Hansenmouth, LA 24326",no,no,no,no
114,Amy,Amy,Burns,AmyBurns52@outlook.com,"35266 Emma Flats Apt. 877
North Toniville, MD 88622",no,no,no,no
115,John,John,Barnett,JohnBarnett70@outlook.com,"PSC 5318, Box 8109
APO AA 29428",no,no,no,no
116,Linda,Linda,Holt,LHolt@bright.net,"USNV Clark
FPO AA 51580",no,no,no,no
117,Catherine,Catherine,Griffith,CGriffith80@yahoo.com,"Unit 2258 Box 7998
DPO AP 37067",no,no,no,no
118,Jacob,Jacob,Carlson,JacobCarlson@gmail.com,"USNS Long
FPO AE 45785",no,no,no,no
119,Kim,Kim,Leonard,KimLeonard65@outlook.com,"949 Richardson Avenue Suite 394
Lake Mary, AR 83257",no,no,no,no
120,Eddie,Eddie,Montgomery,EddieMontgomery67@outlook.com,"Unit 3085 Box 5017
DPO AP 53916",no,no,no,no
121,Todd,Todd,Johnson,ToddJohnson59@outlook.com,"988 Kimberly Mountains Suite 734
Katiemouth, SD 93592",no,no,no,no
122,Megan,Megan,Lloyd,MLloyd81@yahoo.com,"129 Miller Crossing
South Anthonyberg, WY 66947",no,no,no,no
123,Stephanie,Stephanie,Gonzalez,StephanieGonzalez@gmail.com,"643 Bruce Cliff Suite 279
Paulberg, NE 76694",no,no,no,no
124,Jason,Jason,Brock,JBrock@bright.net,"132 Ashley Corners Apt. 333
Colemantown, ND 90016",no,no,no,no
125,Kenneth,Kenneth,Steele,KSteele@bright.net,"PSC 3107, Box 9765
APO AA 45422",no,no,no,no
126,Jessica,Jessica,Myers,JessicaMyers98@outlook.com,"19033 Scott Curve Suite 940
New Wesley, MI 96943",no,no,no,no
127,Valerie,Valerie,Russell,VRussell@bright.net,"606 Randall Squares Suite 942
Haleyborough, VI 39321",no,no,no,no
128,Karen,Karen,Newman,KNewman@bright.net,"36152 Rangel Cape
Jessicashire, AL 21802",no,no,no,no
129,Olivia,Olivia,Hale,OHale@bright.net,"08458 Stephanie Lock
Thomasmouth, OR 84530",no,no,no,no
130,Jennifer,Jennifer,Kirk,JenniferKirk66@outlook.com,"506 Valerie Club
Brendahaven, WI 03415",no,no,no,no
131,Shelby,Shelby,Chambers,SChambers22@yahoo.com,"3163 Noah Hill Suite 769
West Nancymouth, MA 30576",no,no,no,no
132,Kristen,Kristen,Wallace,KristenWallace62@outlook.com,"128 Anthony Keys Suite 308
East Melissa, PA 22359",no,no,no,no
133,Alexander,Alexander,Sanchez,ASanchez@bright.net,"USNS Young
FPO AE 10086",no,no,no,no
134,Christina,Christina,Davis,ChristinaDavis26@outlook.com,"USNS Gentry
FPO AA 02875",no,no,no,no
135,Kimberly,Kimberly,Boyd,KBoyd57@yahoo.com,"515 Osborne Falls Apt. 115
Underwoodmouth, TX 19239",no,no,no,no
136,Gary,Gary,Lee,GLee79@yahoo.com,"89873 Donald Shore
West Andres, WV 71462",no,no,no,no
137,John,John,Dominguez,JohnDominguez@gmail.com,"286 Amanda Forge Apt. 822
Josetown, ID 82975",no,no,no,no
138,Bruce,Bruce,Ellis,BruceEllis@gmail.com,"35187 Cameron Squares Suite 144
New Robert, ME 61366",no,no,no,no
139,Brian,Brian,Lawrence,BrianLawrence@gmail.com,"418 Estrada Trail
Bakerfort, ND 02731",no,no,no,no
140,Janet,Janet,King,JKing60@yahoo.com,"7249 Harris Knoll Suite 783
Wigginsfurt, VA 73725",no,no,no,no
141,Sonya,Sonya,Howard,SonyaHoward@gmail.com,"724 Craig Corner
Lake Moniquechester, PW 73334",no,no,no,no
142,Joseph,Joseph,Long,JosephLong41@outlook.com,"2179 Latoya Street
Port Amybury, IN 06553",no,no,no,no
143,Andrea,Andrea,Stewart,AStewart@bright.net,"9738 John Path
Hodgesmouth, ND 41075",no,no,no,no
144,Wendy,Wendy,Hogan,WendyHogan77@outlook.com,"032 Sanchez Haven
Gomezborough, NM 72378",no,no,no,no
145,Bianca,Bianca,Garcia,BGarcia19@yahoo.com,"9311 Miller Spurs
West David, PA 33541",no,no,no,no
146,April,April,Rice,AprilRice@gmail.com,"USNS Sandoval
FPO AA 05554",no,no,no,no
147,Gregory,Gregory,Morrison,GMorrison14@yahoo.com,"1158 Bender Course Apt. 724
New Sandra, IA 90286",no,no,no,no
148,Amanda,Amanda,Williams,AWilliams@bright.net,"40638 Lyons Circles
Vasquezburgh, VA 02336",no,no,no,no
149,Anna,Anna,Anderson,AAnderson@bright.net,"35785 Kimberly Overpass
Dianechester, VT 75759",no,no,no,no
150,Ashley,Ashley,Harper,AshleyHarper@gmail.com,"76156 King Harbors Apt. 541
South Rita, FM 34097",no,no,no,no
151,Michael,Michael,Hanson,MHanson@bright.net,"5246 Doyle Ville Suite 719
Lake Sarah, AS 00646",no,no,no,no
152,Keith,Keith,Morales,KMorales34@yahoo.com,"2931 Mccall View
Vincentland, CT 31023",no,no,no,no
153,Kimberly,Kimberly,Dunn,KDunn19@yahoo.com,"556 Caitlin Forges Suite 388
Robertsport, IL 49047",no,no,no,no
154,Natalie,Natalie,Velasquez,NatalieVelasquez@gmail.com,"2605 Kline Ports Suite 535
North Valerieside, MT 96746",no,no,no,no
155,Timothy,Timothy,Owen,TimothyOwen11@outlook.com,"78920 Michael Meadow Apt. 747
Hollyberg, DC 73019",no,no,no,no
156,Renee,Renee,Bryant,ReneeBryant@gmail.com,"371 Walter Village Apt. 756
Katieberg, MA 65216",no,no,no,no
157,Kevin,Kevin,Thomas,KevinThomas72@outlook.com,"828 Stark Well Suite 452
Port Mark, NE 01743",no,no,no,no
158,Jason,Jason,Clarke,JClarke@bright.net,"2752 Barber Trace
South Elizabethbury, ID 89765",no,no,no,no
159,Sarah,Sarah,Brock,SBrock11@yahoo.com,"5631 Nolan Pine
North Sarahport, DE 13777",no,no,no,no
160,Catherine,Catherine,Jones,CatherineJones86@outlook.com,"4364 Smith Trail
Lake Joseph, AR 15301",no,no,no,no
161,Samuel,Samuel,Washington,SamuelWashington57@outlook.com,"0033 Johnson Throughway
North Amandaview, IA 26067",no,no,no,no
162,Katherine,Katherine,Martinez,KatherineMartinez73@outlook.com,"66512 Oneill Vista Suite 444
Heatherton, NE 13175",no,no,no,no
163,Todd,Todd,Richmond,ToddRichmond@gmail.com,"6153 Williams Fords Apt. 267
Murphytown, MO 22045",no,no,no,no
164,Christopher,Christopher,Grant,CGrant@bright.net,"95054 Clark Manors Suite 308
Lisamouth, FM 75269",no,no,no,no
165,Jeffrey,Jeffrey,Byrd,JeffreyByrd@gmail.com,"14055 Torres Drive Suite 138
Margaretshire, AL 06674",no,no,no,no
166,Jenny,Jenny,Stark,JennyStark60@outlook.com,"6017 Ortega Ridge
Port Philip, GA 93972",no,no,no,no
167,Barbara,Barbara,Cooke,BCooke95@yahoo.com,"248 Butler Square Suite 513
Serranoland, AR 22586",no,no,no,no
168,Bryan,Bryan,Cruz,BCruz68@yahoo.com,"53017 Jones Alley
Barryport, MA 98001",no,no,no,no
169,Bradley,Bradley,Wilson,BradleyWilson40@outlook.com,"852 Daniel Inlet
Katieside, NH 59754",no,no,no,no
170,Maria,Maria,Gray,MariaGray53@outlook.com,"13378 Amanda Station
Melissahaven, AR 93232",no,no,no,no
171,David,David,Cantu,DavidCantu@gmail.com,"75124 Moore Mall
Hollyberg, GU 52689",no,no,no,no
172,Gabriel,Gabriel,Russell,GabrielRussell85@outlook.com,"35877 Vincent Via Apt. 435
Thompsonshire, GU 75309",no,no,no,no
173,Jerry,Jerry,Roberts,JerryRoberts10@outlook.com,"071 Casey Inlet
Donaldtown, MO 15868",no,no,no,no
174,Russell,Russell,Roman,RussellRoman@gmail.com,"554 Susan Greens Apt. 685
Lake Anthony, NJ 95935",no,no,no,no
175,Caleb,Caleb,Love,CLove55@yahoo.com,"7247 Shaw Valleys Suite 984
South Suzanne, NV 40188",no,no,no,no
176,Denise,Denise,Hernandez,DeniseHernandez56@outlook.com,"96950 Steven Roads
West Nathanfurt, MI 99853",no,no,no,no
177,Alexander,Alexander,Johnson,AlexanderJohnson77@outlook.com,"1981 Nelson Mews
Port Thomasmouth, NY 54941",no,no,no,no
178,Justin,Justin,Price,JPrice93@yahoo.com,"314 Penny Green Apt. 711
South Glenn, SD 42667",no,no,no,no
179,Daniel,Daniel,Obrien,DanielObrien@gmail.com,"48787 Natalie Manor
Deannaton, MN 04500",no,no,no,no
180,Travis,Travis,Gordon,TravisGordon31@outlook.com,"990 Delgado View
Cassandrastad, NH 95211",no,no,no,no
181,Susan,Susan,Travis,STravis@bright.net,"Unit 2757 Box 1420
DPO AA 81206",no,no,no,no
182,Melissa,Melissa,Mcdonald,MMcdonald82@yahoo.com,"Unit 7105 Box 3826
DPO AP 97517",no,no,no,no
183,Lauren,Lauren,Mccormick,LMccormick98@yahoo.com,"22654 Butler Run Suite 223
Whitneyport, OK 41081",no,no,no,no
184,Monique,Monique,Brady,MBrady@bright.net,"30569 Thomas Via Suite 132
Codyside, IL 53509",no,no,no,no
185,Johnny,Johnny,Myers,JohnnyMyers30@outlook.com,"323 Strickland Cove
West Samantha, MP 64816",no,no,no,no
186,Debra,Debra,Gilbert,DGilbert14@yahoo.com,"578 Hunter Locks Apt. 720
Port Andrew, NM 84757",no,no,no,no
187,Jessica,Jessica,Chambers,JessicaChambers74@outlook.com,"829 Daniels Skyway
Butlerhaven, GA 32219",no,no,no,no
188,Barbara,Barbara,Moore,BarbaraMoore@gmail.com,"517 Gomez Lodge Apt. 354
Port Erika, SD 96025",no,no,no,no
189,Christopher,Christopher,Massey,ChristopherMassey@gmail.com,"90766 Daniel Turnpike
Port Sueton, MD 01061",no,no,no,no
190,Tracy,Tracy,Steele,TSteele95@yahoo.com,"6301 Adams Crescent
New Jacqueline, AK 75820",no,no,no,no
191,Lori,Lori,Evans,LEvans74@yahoo.com,"9897 Ramirez Loaf Apt. 484
South Casey, SD 53639",no,no,no,no
192,Tom,Tom,Sanchez,TomSanchez10@outlook.com,"USNV Dougherty
FPO AE 65270",no,no,no,no
193,Bryan,Bryan,Burke,BBurke@bright.net,"79489 Jennifer Circle
Miguelshire, OK 63777",no,no,no,no
194,Pamela,Pamela,Johnson,PamelaJohnson58@outlook.com,"4277 Derek Burgs
Port Elizabethborough, ME 50822",no,no,no,no
195,Daniel,Daniel,Espinoza,DEspinoza@bright.net,"42335 Jacqueline Gardens Suite 360
East Autumnmouth, RI 04111",no,no,no,no
196,Miguel,Miguel,Smith,MSmith@bright.net,"43385 Taylor Knolls
Johnnyland, VT 72337",no,no,no,no
197,Sheila,Sheila,Hurley,SheilaHurley58@outlook.com,"75986 Kimberly Divide Apt. 637
Lloydberg, SD 99834",no,no,no,no
198,Paula,Paula,Wong,PaulaWong@gmail.com,"89386 Smith Coves
South Stephaniemouth, VT 34861",no,no,no,no
199,Brandon,Brandon,Reid,BrandonReid@gmail.com,"08850 Rivera Throughway Apt. 792
Gordonland, NJ 25203",no,no,no,no
200,Taylor,Taylor,Bullock,TBullock@bright.net,"444 Hess Underpass
Smithborough, WA 93723",no,no,no,no
201,Anne,Anne,Hernandez,AnneHernandez43@outlook.com,"10459 Dylan Garden Suite 218
South Zacharyland, MO 61689",yes,no,no,no
202,Anne,Anne,Hernandez,AnneHernandez43@outlook.com,"10459 Dylan Garden Suite 218
South Zacharyland, MO 61689",yes,no,no,no
203,Kristin,Kristin,Rodriguez,KRodriguez42@yahoo.com,"3161 Farmer Via
West Sharonstad, VT 95381",yes,no,no,no
204,Kristin,Kristin,Rodriguez,KRodriguez42@yahoo.com,"3161 Farmer Via
West Sharonstad, VT 95381",yes,no,no,no
205,Anthony and Annette,Anthony and Annette,Evans,Evans76@yahoo.com,"469 Patton Mount Apt. 018
North Elizabethstad, PW 88336",yes,no,yes,no
206,Annette and Anthony,Annette and Anthony,Evans,Evans76@yahoo.com,"469 Patton Mount Apt. 018
North Elizabethstad, PW 88336",yes,no,yes,no
207,George,George,Wood,GWood60@yahoo.com,"USNS Espinoza
FPO AP 11423",yes,no,no,no
208,George,George,Wood,GWood60@yahoo.com,"USNS Espinoza
FPO AP 11423",yes,no,no,no
209,Donna,Donna,Clark,DonnaClark@gmail.com,"80944 Love Canyon
New Sonyamouth, AL 07690",yes,no,no,no
210,Donna,Donna,Clark,DonnaClark@gmail.com,"80944 Love Canyon
New Sonyamouth, AL 07690",yes,no,no,no
211,Daniel,Daniel,Elnis,DElnis@bright.net,"777 Patrick Pine Apt. 423
West Cameron, WA 06532",yes,no,no,Last Name
212,Daniel,Daniel,Ellis,DEllis@bright.net,"777 Patrick Pine Apt. 423
West Cameron, WA 06532",yes,no,no,Last Name
213,Julie,Julie,oRy,JulieoRy36@outlook.com,"2364 Black Expressway
New Kevin, AR 55006",yes,Last Name,no,no
214,Julie,Julie,Roy,JulieRoy36@outlook.com,"2364 Black Expressway
New Kevin, AR 55006",yes,Last Name,no,no
215,Amber,Amber,Andrews,AmberAndrews95@outlook.com,"6835 Sanchez Summit Suite 343
New Andrewmouth, AL 04060",yes,no,no,no
216,Amber,Amber,Andrews,AmberAndrews95@outlook.com,"6835 Sanchez Summit Suite 343
New Andrewmouth, AL 04060",yes,no,no,no
217,Danpelle,Danpelle,Barnes,DBarnes@bright.net,"693 Wagner Path
Lake Ernestburgh, ME 80050",yes,no,no,First Name
218,Danielle,Danielle,Barnes,DBarnes@bright.net,"693 Wagner Path
Lake Ernestburgh, ME 80050",yes,no,no,First Name
219,Adam,Adam,Hicks,AHicks@bright.net,"957 Brown Light Suite 169
Robertmouth, NM 27860",yes,no,no,no
220,Adam,Adam,Hicks,AHicks@bright.net,"957 Brown Light Suite 169
Robertmouth, NM 27860",yes,no,no,no
221,Russell,Russell,Gray,RGray50@yahoo.com,"230 Kemp Branch Apt. 819
Kristinhaven, CA 21664",yes,no,no,no
222,Russell,Russell,Gray,RGray50@yahoo.com,"230 Kemp Branch Apt. 819
Kristinhaven, CA 21664",yes,no,no,no
223,Monica,Monica,Lozano,MLozano39@yahoo.com,"3185 Sanchez Lake Apt. 771
East Evelynchester, SC 33708",yes,no,no,no
224,Monica,Monica,Lozano,MLozano39@yahoo.com,"3185 Sanchez Lake Apt. 771
East Evelynchester, SC 33708",yes,no,no,no
225,Scott and Ashley,Scott and Ashley,Potts,Potts35@gmail.com,"927 Laura Orchard
East Jeremyview, FL 84666",yes,no,yes,no
226,Scott and Ashley,Scott and Ashley,Potts,Potts35@gmail.com,"927 Laura Orchard
East Jeremyview, FL 84666",yes,no,yes,no
227,Richard,Richard,Hernandez,RHernandez@bright.net,"644 Michael Stravenue
Sonyahaven, VT 47453",yes,no,no,no
228,Richard,Richard,Hernandez,RHernandez@bright.net,"644 Michael Stravenue
Sonyahaven, VT 47453",yes,no,no,no
229,Anthony,Anthony,Melendez,AMelendez90@yahoo.com,"71377 Mccormick Circles Suite 434
Robertshire, GU 32464",yes,no,no,no
230,Anthony,Anthony,Melendez,AMelendez90@yahoo.com,"71377 Mccormick Circles Suite 434
Robertshire, GU 32464",yes,no,no,no
231,Nicole,Nicole,Yu,NicoleYu@gmail.com,"36342 Sanders Manors
Grossshire, FL 15347",yes,no,no,no
232,Nicole,Nicole,Yu,NicoleYu@gmail.com,"36342 Sanders Manors
Grossshire, FL 15347",yes,no,no,no
233,Laura,Laura,Pittman,LauraPittman39@outlook.com,"12069 Small Trail Suite 898
East Cameronland, AR 72377",yes,no,no,no
234,Laura,Laura,Pittman,LauraPittman39@outlook.com,"12069 Small Trail Suite 898
East Cameronland, AR 72377",yes,no,no,no
235,Bryan,Bryan,Wells,BryanWells51@outlook.com,"9368 Patricia Hill
North Elizabeth, WA 59585",yes,no,no,no
236,Bryan,Bryan,Wells,BryanWells51@outlook.com,"9368 Patricia Hill
North Elizabeth, WA 59585",yes,no,no,no
237,Diana,Diana,Wyatt,DWyatt@bright.net,"339 Susan Mews Suite 908
Lake Glennhaven, CO 33385",yes,no,no,no
238,Diana,Diana,Wyatt,DWyatt@bright.net,"339 Susan Mews Suite 908
Lake Glennhaven, CO 33385",yes,no,no,no
239,James,James,Stevens,JamesStevens88@outlook.com,"33040 Knight Junctions
Lake Brandonton, MN 39097",yes,no,no,no
240,James,James,Stevens,JamesStevens88@outlook.com,"33040 Knight Junctions
Lake Brandonton, MN 39097",yes,no,no,no
241,Erika and Brittany,Erika and Brittany,Barr,Barr76@outlook.com,"02346 Diaz Tunnel
Zimmermanshire, MA 27230",yes,no,yes,no
242,Erika and Brittany,Erika and Brittany,Barr,Barr76@outlook.com,"02346 Diaz Tunnel
Zimmermanshire, MA 27230",yes,no,yes,no
243,Julie,Julie,Dyer,JulieDyer@gmail.com,"755 Jennifer Oval
New Kristinland, VT 13369",yes,no,no,no
244,Julie,Julie,Dyer,JulieDyer@gmail.com,"755 Jennifer Oval
New Kristinland, VT 13369",yes,no,no,no
245,Vincent,Vincent,Larsen,VincentLarsen@gmail.com,"2141 Vincent Lodge Suite 113
East Heatherfurt, AS 01582",yes,no,no,no
246,Vincent,Vincent,Larsen,VincentLarsen@gmail.com,"2141 Vincent Lodge Suite 113
East Heatherfurt, AS 01582",yes,no,no,no
247,Amy,Amy,Banks,ABanks64@yahoo.com,"310 Garner Grove Suite 107
North Gloriabury, VI 42718",yes,no,no,Last Name
248,Amy,Amy,Banks,ABanks64@yahoo.com,"310 Garner Grove Suite 107
North Gloriabury, VI 42718",yes,no,no,Last Name
249,Jennifer,Jennifer,Wdgner,JenniferWdgner@gmail.com,"3397 Clark Divide Apt. 876
North Jamesmouth, PR 12900",yes,no,no,Last Name
250,Jennifer,Jennifer,Wagner,JenniferWagner@gmail.com,"3397 Clark Divide Apt. 876
North Jamesmouth, PR 12900",yes,no,no,Last Name
251,Calvin,Calvin,Anderson,CAnderson@bright.net,"8363 White Freeway
Allenstad, DC 50022",yes,no,no,no
252,Calvin,Calvin,Anderson,CAnderson@bright.net,"8363 White Freeway
Allenstad, DC 50022",yes,no,no,no
253,Veronica,Veronica,Rodriguez,VRodriguez@bright.net,"00195 Jeremy Path Suite 873
Port Megan, AS 29203",yes,no,no,no
254,Veronica,Veronica,Rodriguez,VRodriguez@bright.net,"00195 Jeremy Path Suite 873
Port Megan, AS 29203",yes,no,no,no
255,Michael,Michael,King,MichaelKing61@outlook.com,"09778 Christian Pass
New Ashley, IN 53562",yes,no,no,no
256,Michael,Michael,King,MichaelKing61@outlook.com,"09778 Christian Pass
New Ashley, IN 53562",yes,no,no,no
257,Kenneth,Kenneth,Brown,KBrown69@yahoo.com,"7913 Hudson Plaza Apt. 799
North Mark, VT 63306",yes,no,no,no
258,Kenneth,Kenneth,Brown,KBrown69@yahoo.com,"7913 Hudson Plaza Apt. 799
North Mark, VT 63306",yes,no,no,no
259,Joseph and Mario,Joseph and Mario,Barry,Barry87@outlook.com,"15187 Austin Locks Suite 670
Victoriashire, MH 05628",yes,no,yes,no
260,Joseph and Mario,Joseph and Mario,Barry,Barry87@outlook.com,"15187 Austin Locks Suite 670
Victoriashire, MH 05628",yes,no,yes,no
261,Mbchael,Mbchael,Williamson,MWilliamson78@yahoo.com,"78388 Diaz Harbor Apt. 337
Bensonberg, MD 99082",yes,no,no,First Name
262,Michael,Michael,Williamson,MWilliamson78@yahoo.com,"78388 Diaz Harbor Apt. 337
Bensonberg, MD 99082",yes,no,no,First Name
263,Amanda,Amanda,Gibson,AGibson@bright.net,"562 Jordan Ways
Brandonfurt, VI 44636",yes,no,no,no
264,Amanda,Amanda,Gibson,AGibson@bright.net,"562 Jordan Ways
Brandonfurt, VI 44636",yes,no,no,no
265,Jeremy,Jeremy,Neal,JNeal@bright.net,"9131 Noble Points
South Michael, NC 77654",yes,no,no,no
266,Jeremy,Jeremy,Neal,JNeal@bright.net,"9131 Noble Points
South Michael, NC 77654",yes,no,no,no
267,Lindsay,Lindsay,Warner,LWarner@bright.net,"21306 Kayla Turnpike
East Alexandermouth, AK 95493",yes,no,no,no
268,Lindsay,Lindsay,Warner,LWarner@bright.net,"21306 Kayla Turnpike
East Alexandermouth, AK 95493",yes,no,no,no
269,Matthew,Matthew,Casey,MatthewCasey@gmail.com,"PSC 6603, Box 9649
APO AP 61591",yes,no,no,no
270,Matthew,Matthew,Casey,MatthewCasey@gmail.com,"PSC 6603, Box 9649
APO AP 61591",yes,no,no,no
271,Brenda and Danielle,Brenda and Danielle,Wright,Wright47@gmail.com,"42579 Black Loop Suite 993
Port Thomas, WA 68672",yes,no,yes,no
272,Brenda and Danielle,Brenda and Danielle,Wright,Wright47@gmail.com,"42579 Black Loop Suite 993
Port Thomas, WA 68672",yes,no,yes,no
273,Misty,Misty,Caldwell,MistyCaldwell17@outlook.com,"852 Christopher Viaduct
Port Ryan, MA 71337",yes,no,no,no
274,Misty,Misty,Caldwell,MistyCaldwell17@outlook.com,"852 Christopher Viaduct
Port Ryan, MA 71337",yes,no,no,no
275,Jwy,Jwy,Snyder,JSnyder60@yahoo.com,"71896 Kevin Curve Apt. 452
Michelleborough, NJ 99892",yes,no,no,First Name
276,Jay,Jay,Snyder,JSnyder60@yahoo.com,"71896 Kevin Curve Apt. 452
Michelleborough, NJ 99892",yes,no,no,First Name
277,Whitney and Lisa,Whitney and Lisa,Short,Short96@gmail.com,"157 William Squares Suite 055
Port Amyport, CO 59120",yes,no,yes,no
278,Whitney and Lisa,Whitney and Lisa,Short,Short96@gmail.com,"157 William Squares Suite 055
Port Amyport, CO 59120",yes,no,yes,no
279,Magraret,Magraret,Ibarra,MIbarra@bright.net,"30086 Williams Isle
Garrettshire, LA 73123",yes,First Name,no,no
280,Margaret,Margaret,Ibarra,MIbarra@bright.net,"30086 Williams Isle
Garrettshire, LA 73123",yes,First Name,no,no
281,Kelly,Kelly,Williams,KWilliams52@yahoo.com,"7552 Rodriguez Villages Suite 957
Tammyberg, NE 05545",yes,no,no,no
282,Kelly,Kelly,Williams,KWilliams52@yahoo.com,"7552 Rodriguez Villages Suite 957
Tammyberg, NE 05545",yes,no,no,no
283,Andrea,Andrea,Randoplh,ARandoplh81@yahoo.com,"207 Rojas Pine Apt. 207
Whitneyburgh, GU 81163",yes,Last Name,no,no
284,Andrea,Andrea,Randolph,ARandolph81@yahoo.com,"207 Rojas Pine Apt. 207
Whitneyburgh, GU 81163",yes,Last Name,no,no
285,Stephanie,Stephanie,Scott,SScott34@yahoo.com,"Unit 7609 Box 3929
DPO AP 42091",yes,no,no,no
286,Stephanie,Stephanie,Scott,SScott34@yahoo.com,"Unit 7609 Box 3929
DPO AP 42091",yes,no,no,no
287,Mrgan,Mrgan,Ruiz,MrganRuiz@gmail.com,"241 David Track
Allisonchester, OH 77012",yes,no,no,First Name
288,Megan,Megan,Ruiz,MeganRuiz@gmail.com,"241 David Track
Allisonchester, OH 77012",yes,no,no,First Name
289,Jill,Jill,Brennan,JillBrennan60@outlook.com,"8880 Carol Manor Suite 421
West Nicholasberg, CA 76917",yes,no,no,no
290,Jill,Jill,Brennan,JillBrennan60@outlook.com,"8880 Carol Manor Suite 421
West Nicholasberg, CA 76917",yes,no,no,no
291,Cindy and Joanne,Cindy and Joanne,Jenkins,Jenkins62@outlook.com,"592 Lambert Estate Apt. 875
Lake Roy, KS 80950",yes,no,yes,no
292,Cindy and Joanne,Cindy and Joanne,Jenkins,Jenkins62@outlook.com,"592 Lambert Estate Apt. 875
Lake Roy, KS 80950",yes,no,yes,no
293,Jenny,Jenny,Martinez,JMartinez91@yahoo.com,"5696 Curtis Road
East Rita, MA 17212",yes,no,no,no
294,Jenny,Jenny,Martinez,JMartinez91@yahoo.com,"5696 Curtis Road
East Rita, MA 17212",yes,no,no,no
295,Joshua,Joshua,Robbins,JoshuaRobbins75@outlook.com,"92434 Leach Prairie Apt. 283
Port Javierland, ME 41174",yes,no,no,no
296,Joshua,Joshua,Robbins,JoshuaRobbins75@outlook.com,"92434 Leach Prairie Apt. 283
Port Javierland, ME 41174",yes,no,no,no
297,Christina,Christina,Rivas,ChristinaRivas78@outlook.com,"PSC 5676, Box 4414
APO AA 57393",yes,no,no,no
298,Christina,Christina,Rivas,ChristinaRivas78@outlook.com,"PSC 5676, Box 4414
APO AA 57393",yes,no,no,no
299,Michelle,Michelle,Lopez,MLopez80@yahoo.com,"1921 Fuentes Prairie
Ellisborough, IA 83914",yes,no,no,no
300,Michelle,Michelle,Lopez,MLopez80@yahoo.com,"1921 Fuentes Prairie
Ellisborough, IA 83914",yes,no,no,no
