id,given_name,preferred_name,surname,email,address,match,typo,couple,missclick
1,William,William,Bush,WBush74@yahoo.com,"734 Lewis Locks Suite 976
Monicamouth, MO 72466",no,no,no,no
2,Nicole,Nicole,Green,NGreen66@yahoo.com,"95495 Price Haven Apt. 724
East Jamesville, TN 89695",no,no,no,no
3,Cheryl,Cheryl,Washington,CWashington23@yahoo.com,"PSC 8403, Box 5216
APO AP 33002",no,no,no,no
4,Anthony,Anthony,Gomez,AnthonyGomez@gmail.com,"4340 Martinez Curve
Port Tara, TN 73106",no,no,no,no
5,Holly,Holly,Sanders,HollySanders@gmail.com,"USCGC Green
FPO AP 53458",no,no,no,no
6,Timothy,Timothy,Ayers,TAyers77@yahoo.com,"7279 Jeffrey Groves
Alexandertown, GA 06622",no,no,no,no
7,Brandon,Brandon,Roth,BRoth57@yahoo.com,"440 Brandi Estate
Oliviabury, MP 59990",no,no,no,no
8,Alicia,Alicia,Chase,AChase@bright.net,"952 Matthew Pine Apt. 725
Christopherton, UT 42213",no,no,no,no
9,Anita,Anita,Bishop,ABishop@bright.net,"8873 Allen Manor Apt. 751
South Sherrishire, WA 91652",no,no,no,no
10,Timothy,Timothy,Parker,TimothyParker49@outlook.com,"8916 Katie Prairie
Travisshire, IN 40412",no,no,no,no
11,Michael,Michael,Taylor,MTaylor22@yahoo.com,"25056 Pam Inlet
Duncanport, TX 93114",no,no,no,no
12,Ryan,Ryan,Brown,RBrown18@yahoo.com,"761 Michelle Views
East Lisa, MP 16701",no,no,no,no
13,Nichole,Nichole,Bryant,NBryant@bright.net,"56815 Harris Knolls Apt. 925
Matthewtown, SD 82723",no,no,no,no
14,Brenda,Brenda,Ryan,BrendaRyan@gmail.com,"661 Dominguez Cliffs Suite 752
Lindaburgh, CT 41062",no,no,no,no
15,Joyce,Joyce,Davila,JoyceDavila11@outlook.com,"USNV Riddle
FPO AE 79151",no,no,no,no
16,Stefanie,Stefanie,Mitchell,SMitchell62@yahoo.com,"2214 Gabriel Stravenue Apt. 887
East Melissaberg, VT 79796",no,no,no,no
17,Brian,Brian,Macdonald,BrianMacdonald@gmail.com,"14276 Campos Forks Apt. 261
Derrickmouth, PA 60321",no,no,no,no
18,Andrew,Andrew,Carrillo,AndrewCarrillo@gmail.com,"180 Michael Well
Popeside, MD 80771",no,no,no,no
19,Scott,Scott,Price,SPrice78@yahoo.com,"8543 Rachel Canyon
Vaughnburgh, WV 14186",no,no,no,no
20,Paul,Paul,Lynch,PLynch72@yahoo.com,"Unit 3246 Box 0364
DPO AE 91616",no,no,no,no
21,Ryan,Ryan,Romero,RyanRomero@gmail.com,"28214 Hurst Shoal
Paulaburgh, MD 13546",no,no,no,no
22,William,William,Kirby,WilliamKirby@gmail.com,"1282 Silva Burgs Suite 331
North Kimberlytown, KY 92280",no,no,no,no
23,Deborah,Deborah,Rangel,DeborahRangel@gmail.com,"52580 Lopez Forest
Leahchester, DC 21205",no,no,no,no
24,Ana,Ana,Fletcher,AnaFletcher@gmail.com,"13729 Harvey Shores Apt. 043
East Nataliemouth, GU 12212",no,no,no,no
25,Nicholas,Nicholas,Berry,NicholasBerry@gmail.com,"8870 Melissa Fork Suite 591
West Heather, CO 37955",no,no,no,no
26,Brian,Brian,Hart,BrianHart59@outlook.com,"Unit 6142 Box 5632
DPO AP 44165",no,no,no,no
27,Tricia,Tricia,Watts,TWatts63@yahoo.com,"56168 Mitchell Expressway
South Jesus, MP 92563",no,no,no,no
28,Sandra,Sandra,Wolfe,SWolfe95@yahoo.com,"2132 Stephen Locks Suite 542
Charlesshire, FL 04015",no,no,no,no
29,Scott,Scott,Newton,SNewton@bright.net,"1789 Peterson Row
Lake Lucas, WY 47060",no,no,no,no
30,Heidi,Heidi,Hernandez,HeidiHernandez@gmail.com,"2810 Cory Common Suite 166
South Christopher, DE 47899",no,no,no,no
31,Elizabeth,Elizabeth,Williams,EWilliams@bright.net,"24103 Joel Points Apt. 950
Hobbsstad, ND 55372",no,no,no,no
32,David,David,Estrada,DavidEstrada32@outlook.com,"PSC 3095, Box 4868
APO AA 54848",no,no,no,no
33,Laurie,Laurie,Mercado,LMercado44@yahoo.com,"33371 Stephanie Causeway Apt. 079
North Raymondside, OH 82745",no,no,no,no
34,Anthony,Anthony,Robinson,ARobinson@bright.net,"112 Perez Point Apt. 290
North Dylan, AS 49604",no,no,no,no
35,Kevin,Kevin,Lawson,KevinLawson37@outlook.com,"3670 Johnson Mews Apt. 060
Charlesshire, WA 77827",no,no,no,no
36,Jessica,Jessica,Martinez,JessicaMartinez46@outlook.com,"204 Mcmillan Parkways Suite 365
North Latoyaside, WI 62501",no,no,no,no
37,Robert,Robert,Green,RGreen@bright.net,"415 Mary Square Apt. 518
Jayview, NJ 58652",no,no,no,no
38,Cassandra,Cassandra,Salinas,CassandraSalinas77@outlook.com,"Unit 0602 Box 3005
DPO AA 16597",no,no,no,no
39,Sheila,Sheila,Ballard,SBallard@bright.net,"095 Williams Park
Olivermouth, MA 54852",no,no,no,no
40,Brian,Brian,Herrera,BrianHerrera69@outlook.com,"Unit 9505 Box 3407
DPO AP 57858",no,no,no,no
41,Nancy,Nancy,Johnston,NancyJohnston@gmail.com,"0121 Case Oval
Martinezshire, AL 51637",no,no,no,no
42,Megan,Megan,Butler,MButler92@yahoo.com,"247 Tamara Mill
Craigchester, NE 49153",no,no,no,no
43,Michael,Michael,Taylor,MTaylor17@yahoo.com,"215 Keller Shoals Suite 718
Michaelville, PR 38694",no,no,no,no
44,Elizabeth,Elizabeth,Burns,EBurns75@yahoo.com,"881 Leonard Roads
Antonioview, LA 00684",no,no,no,no
45,Erica,Erica,Mullins,EricaMullins@gmail.com,"918 Michael Camp Suite 378
South Elizabethstad, NH 20066",no,no,no,no
46,Lori,Lori,Smith,LSmith@bright.net,"074 Johns Garden Suite 787
East Shaneborough, KY 65429",no,no,no,no
47,Cody,Cody,Fisher,CodyFisher@gmail.com,"288 Stone Lake Apt. 675
East Cherylstad, CT 00883",no,no,no,no
48,Leah,Leah,Johnson,LeahJohnson98@outlook.com,"79084 Johnson Parkways Suite 002
Lake Daniel, CT 91026",no,no,no,no
49,Carlos,Carlos,Compton,CCompton41@yahoo.com,"28596 Taylor Neck Apt. 002
West Patrick, DC 46574",no,no,no,no
50,Malik,Malik,Thornton,MalikThornton@gmail.com,"9918 Jeff Station Apt. 986
Sampsonberg, MI 39337",no,no,no,no
51,Kristin,Kristin,Vazquez,KristinVazquez@gmail.com,"2815 Warren Ridges Apt. 088
Port William, CT 91250",no,no,no,no
52,Amanda,Amanda,Walker,AWalker@bright.net,"7783 Miller Lake Apt. 973
Kathrynfurt, ND 18831",no,no,no,no
53,David,David,George,DGeorge@bright.net,"438 Beard Ways
East Anthony, GA 92714",no,no,no,no
54,Jeffrey,Jeffrey,Chang,JChang@bright.net,"9103 Miller Skyway
New Darrell, IL 49496",no,no,no,no
55,Jason,Jason,Smith,JSmith@bright.net,"031 Martin Junctions
Martinezmouth, GU 72660",no,no,no,no
56,Larry,Larry,Mccoy,LarryMccoy@gmail.com,"17754 Samantha Turnpike Apt. 917
New Emilymouth, IN 71576",no,no,no,no
57,William,William,Price,WilliamPrice@gmail.com,"819 Pierce Stream Suite 867
South Jacob, AL 19421",no,no,no,no
58,Brooke,Brooke,Rodriguez,BRodriguez12@yahoo.com,"359 Kathleen Via Apt. 834
Monicaside, ID 89880",no,no,no,no
59,Mark,Mark,Martin,MMartin68@yahoo.com,"491 Smith Turnpike
Adamburgh, SC 81572",no,no,no,no
60,Sheila,Sheila,Russell,SRussell82@yahoo.com,"802 Jessica Point
Thomastown, WI 52112",no,no,no,no
61,Bryan,Bryan,Roberts,BRoberts35@yahoo.com,"PSC 1411, Box 6061
APO AA 05028",no,no,no,no
62,Dominique,Dominique,Peterson,DPeterson@bright.net,"98634 Christopher Forest Suite 778
North Steven, AK 62297",no,no,no,no
63,John,John,Mendoza,JMendoza@bright.net,"57741 Willie Fall Suite 056
Austinfort, LA 75359",no,no,no,no
64,Jessica,Jessica,Vincent,JVincent66@yahoo.com,"37653 Cynthia Extension
North Kristenville, IL 66839",no,no,no,no
65,David,David,Taylor,DTaylor90@yahoo.com,"467 Wendy Union
West Michelefurt, MN 96012",no,no,no,no
66,Phillip,Phillip,Mcpherson,PhillipMcpherson73@outlook.com,"7561 Daniel Union Suite 003
Sandraland, DE 78247",no,no,no,no
67,Travis,Travis,Harrison,TravisHarrison@gmail.com,"USS Perry
FPO AE 83491",no,no,no,no
68,Martha,Martha,Soto,MarthaSoto60@outlook.com,"4218 Mcdonald River Suite 409
Aaronborough, UT 36105",no,no,no,no
69,Taylor,Taylor,Curtis,TaylorCurtis@gmail.com,"6274 Rivera Highway
Port Cynthia, MO 82877",no,no,no,no
70,Brooke,Brooke,Larson,BrookeLarson@gmail.com,"0506 White Mall
Joshuachester, WV 57448",no,no,no,no
71,Antonio,Antonio,French,AFrench@bright.net,"5237 Colleen Squares Suite 013
Ruizview, IL 55318",no,no,no,no
72,Erin,Erin,Martin,ErinMartin88@outlook.com,"50165 Cynthia Knolls Suite 302
Port Nathan, GA 89575",no,no,no,no
73,Jamie,Jamie,Rodriguez,JamieRodriguez@gmail.com,"2263 Bullock Plaza Suite 785
Lake Caroline, PR 52265",no,no,no,no
74,Philip,Philip,Boyd,PhilipBoyd11@outlook.com,"3294 Hughes Points Apt. 529
Richardtown, MO 65630",no,no,no,no
75,Melissa,Melissa,Martinez,MelissaMartinez40@outlook.com,"416 Castro Ways
Lake Jessicamouth, NY 39242",no,no,no,no
76,April,April,Adams,AprilAdams@gmail.com,"181 Green Plains Suite 245
Malloryview, MT 99435",no,no,no,no
77,David,David,Vazquez,DavidVazquez38@outlook.com,"070 Brandon Circle
Shelbyburgh, AR 82112",no,no,no,no
78,Jennifer,Jennifer,Hawkins,JenniferHawkins15@outlook.com,"4821 Johnson Groves
Pierceburgh, WA 36911",no,no,no,no
79,Benjamin,Benjamin,Castillo,BCastillo@bright.net,"Unit 8860 Box 1456
DPO AE 67702",no,no,no,no
80,Tracy,Tracy,Richardson,TRichardson@bright.net,"719 Marc Crescent Apt. 860
Smithtown, WV 40847",no,no,no,no
81,Jesus,Jesus,Park,JesusPark28@outlook.com,"679 Jacob Extensions
Alexishaven, ID 58244",no,no,no,no
82,Madeline,Madeline,Pugh,MPugh@bright.net,"617 Aaron Summit Apt. 614
Masonmouth, NY 78643",no,no,no,no
83,Dana,Dana,Chapman,DanaChapman@gmail.com,"USS Small
FPO AA 89050",no,no,no,no
84,Nicolas,Nicolas,Callahan,NicolasCallahan46@outlook.com,"808 Smith Prairie
Lake Lynnview, PA 95641",no,no,no,no
85,Billy,Billy,Johnson,BillyJohnson@gmail.com,"246 Sheryl Light
Weeksville, MP 24930",no,no,no,no
86,Penny,Penny,Calderon,PCalderon27@yahoo.com,"99093 Clark Plaza Suite 031
Anthonyburgh, FL 08272",no,no,no,no
87,Cheryl,Cheryl,Smith,CherylSmith@gmail.com,"114 Michelle Lake Apt. 077
Caseyberg, HI 49718",no,no,no,no
88,Tyler,Tyler,Davis,TDavis23@yahoo.com,"648 Wallace Lane
Williamsstad, AS 40729",no,no,no,no
89,Gerald,Gerald,Palmer,GPalmer37@yahoo.com,"6775 Amanda View
West Luisbury, AZ 64186",no,no,no,no
90,Chelsea,Chelsea,Gibson,ChelseaGibson18@outlook.com,"087 Robert Row
West Stephenshire, TN 98433",no,no,no,no
91,Amy,Amy,Thornton,AmyThornton@gmail.com,"0584 Mckee Court
Osbornside, WY 51000",no,no,no,no
92,Jeremy,Jeremy,Hill,JHill@bright.net,"767 Rowland Locks
Hannahville, MP 30510",no,no,no,no
93,Keith,Keith,Adams,KAdams14@yahoo.com,"34867 Michael Forges
Sanchezview, CO 73495",no,no,no,no
94,Keith,Keith,Carlson,KeithCarlson@gmail.com,"00920 Smith Forest Suite 743
West Sherryton, MA 34314",no,no,no,no
95,Michael,Michael,Saunders,MSaunders@bright.net,"19124 Joseph Shoal
South Matthewport, CT 42990",no,no,no,no
96,Anthony,Anthony,Hill,AnthonyHill57@outlook.com,"469 Watson Way Suite 307
Williamsview, PA 59315",no,no,no,no
97,Lindsey,Lindsey,Allen,LindseyAllen@gmail.com,"9800 Chris Crossing Suite 214
West Michael, MN 42348",no,no,no,no
98,Troy,Troy,Mclaughlin,TroyMclaughlin@gmail.com,"PSC 2335, Box 6376
APO AE 94480",no,no,no,no
99,Jennifer,Jennifer,Moore,JenniferMoore@gmail.com,"55314 Melissa Plaza
Garciaburgh, NH 54342",no,no,no,no
100,Stephanie,Stephanie,Phillips,SPhillips16@yahoo.com,"Unit 8869 Box 8533
DPO AP 23208",no,no,no,no
101,James,James,Williams,JamesWilliams64@outlook.com,"13902 Morris Street Suite 052
Caseymouth, WA 89587",no,no,no,no
102,Anthony,Anthony,Newton,ANewton@bright.net,"936 Singh Drive Suite 641
Johnmouth, LA 54820",no,no,no,no
103,Lucas,Lucas,Saunders,LucasSaunders74@outlook.com,"188 Carlos Squares Suite 850
Savageshire, WV 80465",no,no,no,no
104,Michael,Michael,Turner,MTurner@bright.net,"16758 Ryan Circles
East Donnastad, IL 75885",no,no,no,no
105,Dustin,Dustin,Barker,DBarker@bright.net,"PSC 2739, Box 1341
APO AA 47470",no,no,no,no
106,Elizabeth,Elizabeth,Novak,ElizabethNovak@gmail.com,"96935 Robbins Plaza Suite 602
Port Sophiafurt, AK 35722",no,no,no,no
107,Cindy,Cindy,Hensley,CindyHensley@gmail.com,"286 Ashley Bridge
South Jennifermouth, MO 14269",no,no,no,no
108,James,James,Fields,JFields29@yahoo.com,"04929 Tanya Squares Apt. 223
Larsonfort, CA 61756",no,no,no,no
109,Emily,Emily,Glover,EGlover@bright.net,"744 Odonnell Mission Suite 270
North Jilltown, TX 80023",no,no,no,no
110,Shane,Shane,Robinson,ShaneRobinson53@outlook.com,"152 Laura Drive
Avilafurt, RI 73185",no,no,no,no
111,Timothy,Timothy,Escobar,TimothyEscobar55@outlook.com,"44633 Thompson Square
West Carlaberg, NV 83616",no,no,no,no
112,Stacey,Stacey,Becker,SBecker68@yahoo.com,"8397 Kristie Bridge Apt. 082
West Kathleen, VA 97292",no,no,no,no
113,Edwin,Edwin,Ayers,EdwinAyers@gmail.com,"93349 Rush Rue Apt. 117
West Elizabethberg, AK 36667",no,no,no,no
114,Brian,Brian,Mckenzie,BMckenzie98@yahoo.com,"195 Anderson Shoals
East Rachelbury, TX 75075",no,no,no,no
115,Carla,Carla,Jones,CJones56@yahoo.com,"9907 Kent Locks Suite 674
Whiteheadbury, MO 89529",no,no,no,no
116,Krista,Krista,Thompson,KristaThompson@gmail.com,"874 Gregory Streets
Grayburgh, TN 17378",no,no,no,no
117,Crystal,Crystal,Miller,CrystalMiller84@outlook.com,"77939 Jackson Plains
South Joel, NC 07872",no,no,no,no
118,Sheena,Sheena,Jones,SJones@bright.net,"07454 Theresa Center Apt. 225
East Jack, RI 15080",no,no,no,no
119,Lindsay,Lindsay,Avery,LAvery@bright.net,"48071 Michelle Loop
Danielstad, CT 17968",no,no,no,no
120,Antonio,Antonio,Bernard,AntonioBernard56@outlook.com,"585 Anna Courts Suite 439
Susanhaven, NV 34165",no,no,no,no
121,Michael,Michael,Gonzalez,MGonzalez26@yahoo.com,"87827 Gabriella Brook Apt. 241
New Kyleton, KS 40394",no,no,no,no
122,Brett,Brett,Webb,BrettWebb53@outlook.com,"2867 Cheryl Groves Suite 132
New Michelle, MS 44911",no,no,no,no
123,Sylvia,Sylvia,Smith,SylviaSmith@gmail.com,"9442 Hardy Views Apt. 015
Scottview, KS 31170",no,no,no,no
124,Eric,Eric,Ewing,EricEwing@gmail.com,"7450 Kelly Lodge
Lisaview, ID 85026",no,no,no,no
125,Miranda,Miranda,Horn,MHorn@bright.net,"084 Stephen Freeway Apt. 853
Port Johnmouth, LA 90388",no,no,no,no
126,Christian,Christian,Ortiz,COrtiz@bright.net,"51863 Theresa Trace
Danielfurt, VA 49821",no,no,no,no
127,Kelly,Kelly,Morgan,KMorgan43@yahoo.com,"6235 Simon Parkways Apt. 298
Lake Lindseymouth, FM 87436",no,no,no,no
128,Shawn,Shawn,Smith,ShawnSmith75@outlook.com,"3499 Fitzgerald Lock
Port Arthur, MT 48346",no,no,no,no
129,Dustin,Dustin,Walton,DWalton@bright.net,"30550 Wagner Brooks
South Suzanneborough, AS 11519",no,no,no,no
130,Lindsay,Lindsay,Flores,LindsayFlores26@outlook.com,"161 Robinson Corners Suite 873
Port Jonathanview, WA 65111",no,no,no,no
131,Amy,Amy,Daugherty,ADaugherty@bright.net,"90266 Butler Plains
South Lydiashire, PW 62130",no,no,no,no
132,Gregory,Gregory,Griffith,GGriffith32@yahoo.com,"5173 Michael Divide Apt. 313
Kennedyfort, MH 60589",no,no,no,no
133,Jay,Jay,Short,JayShort@gmail.com,"908 Foster Village
East Michael, MH 88351",no,no,no,no
134,William,William,Matthews,WMatthews48@yahoo.com,"47973 Jonathan Parkway
Lake Seanfort, CT 96299",no,no,no,no
135,Charles,Charles,Paul,CharlesPaul@gmail.com,"56661 Kristin Expressway
Lake Barbara, GU 98234",no,no,no,no
136,Ashley,Ashley,Franklin,AshleyFranklin62@outlook.com,"199 Robinson Curve Apt. 020
Lake Donald, OH 64003",no,no,no,no
137,Terri,Terri,Williams,TWilliams@bright.net,"115 Johnson Fork Suite 757
Williamstown, ND 24643",no,no,no,no
138,Courtney,Courtney,Anderson,CAnderson28@yahoo.com,"55826 Rivera Court Apt. 680
Smithberg, MT 17859",no,no,no,no
139,Amber,Amber,Sanchez,AmberSanchez42@outlook.com,"650 Brian Mill
Danielsfurt, ND 93475",no,no,no,no
140,Kenneth,Kenneth,Washington,KWashington@bright.net,"PSC 8815, Box 2505
APO AP 28041",no,no,no,no
141,Ashley,Ashley,Hubbard,AHubbard@bright.net,"9611 Robinson Rapid
Matthewmouth, GU 90975",no,no,no,no
142,Andrea,Andrea,Carrillo,AndreaCarrillo@gmail.com,"782 Chad Grove Suite 416
West Alexismouth, MP 90926",no,no,no,no
143,Christina,Christina,Clark,CClark@bright.net,"2498 Ebony Lodge
Allenshire, MS 05687",no,no,no,no
144,Joseph,Joseph,Smith,JosephSmith@gmail.com,"834 Mitchell Turnpike Suite 591
East Sydneymouth, UT 56472",no,no,no,no
145,Leslie,Leslie,Combs,LCombs91@yahoo.com,"8263 Sheila Fields Suite 566
Michaelville, PA 68281",no,no,no,no
146,Dale,Dale,Thompson,DaleThompson81@outlook.com,"489 Jeffery Creek Apt. 963
Lake Melanieville, PW 60430",no,no,no,no
147,Dustin,Dustin,Price,DPrice@bright.net,"31845 Reed Common Apt. 048
Garciaborough, PA 75632",no,no,no,no
148,Teresa,Teresa,White,TeresaWhite15@outlook.com,"22097 Torres Points Apt. 446
North Lisa, SC 43162",no,no,no,no
149,Bradley,Bradley,Rowe,BRowe@bright.net,"USNV Banks
FPO AA 84955",no,no,no,no
150,Rhonda,Rhonda,Gilbert,RhondaGilbert@gmail.com,"4207 Bailey Centers
Sandersburgh, MN 78768",no,no,no,no
151,Joshua,Joshua,Smith,JoshuaSmith@gmail.com,"5309 Dunn Trafficway Suite 265
North Carlfurt, PR 59105",no,no,no,no
152,Andrea,Andrea,Thompson,AndreaThompson14@outlook.com,"497 Andrade Road Suite 711
Woodbury, AK 72192",no,no,no,no
153,Derrick,Derrick,Herrera,DHerrera@bright.net,"788 Ingram Squares Apt. 241
Fosterbury, OK 20166",no,no,no,no
154,Daniel,Daniel,Ferguson,DFerguson@bright.net,"099 Betty Estates Apt. 568
North Stevenburgh, PR 40950",no,no,no,no
155,Frank,Frank,Terry,FrankTerry14@outlook.com,"7569 Newman Orchard Suite 672
North Janemouth, WA 15725",no,no,no,no
156,Travis,Travis,Mcbride,TravisMcbride31@outlook.com,"16154 Cody Underpass
South Timothyhaven, AR 55227",no,no,no,no
157,Karen,Karen,Edwards,KarenEdwards@gmail.com,"56468 Joshua Highway Apt. 108
South Gina, IN 98801",no,no,no,no
158,Katrina,Katrina,Acosta,KatrinaAcosta28@outlook.com,"451 Meyer Gateway Suite 644
Edwardbury, FL 06680",no,no,no,no
159,Holly,Holly,Jackson,HollyJackson@gmail.com,"53629 Maxwell Forges
Robinville, VA 27973",no,no,no,no
160,Manuel,Manuel,Hernandez,MHernandez@bright.net,"97182 Gomez Ferry Suite 360
Torresland, NC 31485",no,no,no,no
161,Allison,Allison,Caldwell,ACaldwell97@yahoo.com,"31322 Williams Ranch
East Josephport, MD 30553",no,no,no,no
162,Robin,Robin,Wright,RWright@bright.net,"35720 Paige Courts
Savannahstad, FL 87951",no,no,no,no
163,Michael,Michael,Beck,MBeck80@yahoo.com,"188 Palmer Mount Apt. 254
West Kimberlymouth, MN 51989",no,no,no,no
164,Jessica,Jessica,Patel,JPatel@bright.net,"5358 Stephanie Run Suite 925
North Laurenton, IN 48527",no,no,no,no
165,Barbara,Barbara,Perkins,BPerkins90@yahoo.com,"4105 Alexander Road Apt. 918
South Lorifurt, RI 86324",no,no,no,no
166,Samuel,Samuel,Barron,SBarron38@yahoo.com,"658 Matthew Via Suite 419
New Ryan, MD 80588",no,no,no,no
167,Courtney,Courtney,Marshall,CourtneyMarshall@gmail.com,"USNV Jenkins
FPO AA 50617",no,no,no,no
168,Michael,Michael,Velez,MVelez19@yahoo.com,"Unit 2946 Box 7241
DPO AA 21228",no,no,no,no
169,William,William,Daniels,WilliamDaniels@gmail.com,"1648 Miller Views Suite 330
Lake Andrew, IA 02134",no,no,no,no
170,Scott,Scott,Charles,SCharles@bright.net,"2667 Russell Knolls Suite 542
Lake Victorburgh, NH 74360",no,no,no,no
171,Janet,Janet,Wright,JanetWright92@outlook.com,"7977 Eric Flat Suite 297
Lewisview, WI 21703",no,no,no,no
172,Lauren,Lauren,Moore,LMoore74@yahoo.com,"57940 Miller Square Apt. 608
Lake Aimee, TX 61376",no,no,no,no
173,Gina,Gina,Thomas,GinaThomas52@outlook.com,"90321 Rodgers Greens
Annaside, NE 05110",no,no,no,no
174,Steven,Steven,Griffith,SGriffith51@yahoo.com,"17459 Walls Meadows Apt. 898
Monicaton, AL 85196",no,no,no,no
175,Samantha,Samantha,Lyons,SLyons87@yahoo.com,"985 Garcia Squares Apt. 069
Port Audreybury, NE 06425",no,no,no,no
176,Jacob,Jacob,Adams,JAdams@bright.net,"79327 Monica Viaduct Suite 961
Caseyborough, GA 48067",no,no,no,no
177,Andrew,Andrew,Blackburn,ABlackburn10@yahoo.com,"PSC 9740, Box 6381
APO AP 69299",no,no,no,no
178,Jon,Jon,May,JMay41@yahoo.com,"850 Brian Coves
North Carol, IA 58241",no,no,no,no
179,Ryan,Ryan,Elliott,RElliott@bright.net,"821 Bailey Course Apt. 839
Dannyshire, MO 31425",no,no,no,no
180,Kimberly,Kimberly,Rogers,KRogers46@yahoo.com,"680 Hess Bypass
Carrmouth, NE 08137",no,no,no,no
181,Brittany,Brittany,Martin,BrittanyMartin@gmail.com,"38431 Scott Bypass
Charlesland, FM 92374",no,no,no,no
182,Dave,Dave,Wilkins,DWilkins27@yahoo.com,"USS Mason
FPO AP 55074",no,no,no,no
183,Anthony,Anthony,Hughes,AnthonyHughes93@outlook.com,"091 Nichols Overpass Apt. 035
Gordonton, IL 91673",no,no,no,no
184,Phillip,Phillip,Todd,PTodd@bright.net,"372 Jones Forges Suite 437
Lake Sheila, AS 47144",no,no,no,no
185,Nicholas,Nicholas,Warren,NicholasWarren83@outlook.com,"220 Shaw Road Suite 561
New Monicahaven, CT 90941",no,no,no,no
186,Amy,Amy,Peters,AmyPeters@gmail.com,"8923 Barbara Estates Apt. 259
Larsonstad, MD 84030",no,no,no,no
187,Aaron,Aaron,Barker,AaronBarker21@outlook.com,"985 Katherine Drive
South Karenfort, OR 81105",no,no,no,no
188,Dale,Dale,Torres,DaleTorres60@outlook.com,"2103 Colton Road
Hesshaven, CO 49271",no,no,no,no
189,Amy,Amy,Martinez,AMartinez83@yahoo.com,"64491 Ashley Prairie
East Kyle, AZ 17127",no,no,no,no
190,Donna,Donna,Bradshaw,DBradshaw89@yahoo.com,"67582 Ian View Apt. 652
Sarahview, GA 21956",no,no,no,no
191,Paula,Paula,Munoz,PaulaMunoz@gmail.com,"PSC 6279, Box 0132
APO AA 62465",no,no,no,no
192,Joel,Joel,West,JoelWest87@outlook.com,"431 Becky Squares Suite 860
Laurenshire, SD 76440",no,no,no,no
193,Crystal,Crystal,Garcia,CrystalGarcia@gmail.com,"753 Christian Hills
Ashleyland, KY 88302",no,no,no,no
194,Mitchell,Mitchell,Rasmussen,MRasmussen49@yahoo.com,"19830 Johnson Overpass Apt. 151
Josephberg, NH 66061",no,no,no,no
195,Michael,Michael,Simon,MSimon56@yahoo.com,"895 Anthony Lake
Colemanberg, PW 92960",no,no,no,no
196,Daniel,Daniel,Parsons,DanielParsons12@outlook.com,"9876 Garrett Course Apt. 173
Snowhaven, WV 51826",no,no,no,no
197,Tiffany,Tiffany,Moore,TiffanyMoore@gmail.com,"34552 Blair Rapid
Lake Karenview, NV 81704",no,no,no,no
198,Jennifer,Jennifer,Little,JenniferLittle32@outlook.com,"897 Bradley Extension
East Coreymouth, GU 98591",no,no,no,no
199,Matthew,Matthew,White,MWhite@bright.net,"1590 Ewing Mountain
South Kyle, AK 21011",no,no,no,no
200,Debra,Debra,Thompson,DThompson88@yahoo.com,"879 Patterson Key
Lake Stephenfurt, VT 09631",no,no,no,no
201,Jeremy,Jeremy,Hatfield,JeremyHatfield34@outlook.com,"6441 Aaron Lock
Kirkchester, AK 69885",no,no,no,no
202,James,James,Phillips,JamesPhillips90@outlook.com,"USNV Wallace
FPO AA 28587",no,no,no,no
203,Kenneth,Kenneth,Adams,KAdams@bright.net,"42520 Courtney Springs
Knightborough, CO 39024",no,no,no,no
204,Kimberly,Kimberly,Griffin,KGriffin@bright.net,"169 Harris Ville Apt. 931
Jamesfurt, SD 88210",no,no,no,no
205,Michael,Michael,Henderson,MHenderson@bright.net,"169 Karen Ranch Suite 944
North Robertchester, GA 99327",no,no,no,no
206,William,William,Cortez,WCortez12@yahoo.com,"73934 Angela Turnpike
Rebeccamouth, AR 42523",no,no,no,no
207,Ashley,Ashley,Marshall,AMarshall23@yahoo.com,"28012 John Drives Suite 309
Henryberg, MH 49782",no,no,no,no
208,Ryan,Ryan,Delgado,RDelgado@bright.net,"USNV Campbell
FPO AA 43892",no,no,no,no
209,Curtis,Curtis,Ruiz,CurtisRuiz25@outlook.com,"6385 Wang Fall Suite 988
Port Victoria, DE 38001",no,no,no,no
210,Paul,Paul,Lane,PaulLane@gmail.com,"2213 Thompson Rue
Ramirezland, TX 93110",no,no,no,no
211,Bryan,Bryan,Levy,BLevy31@yahoo.com,"USS Chandler
FPO AP 74169",no,no,no,no
212,Bryan,Bryan,Drake,BryanDrake@gmail.com,"61703 Bradford Meadow Apt. 163
West Savannahville, TN 30217",no,no,no,no
213,Jason,Jason,Marsh,JMarsh@bright.net,"PSC 0144, Box 9923
APO AA 96081",no,no,no,no
214,Nicholas,Nicholas,Cook,NicholasCook@gmail.com,"29017 Natalie Vista
North Justinhaven, PA 70554",no,no,no,no
215,Michaela,Michaela,Weaver,MWeaver35@yahoo.com,"3229 Justin Parks Apt. 548
Gabrielaside, NJ 68800",no,no,no,no
216,Brittany,Brittany,Hall,BrittanyHall71@outlook.com,"6365 Brady Turnpike
West Jesus, MA 71037",no,no,no,no
217,Cindy,Cindy,Walton,CWalton95@yahoo.com,"212 Troy Cove Apt. 407
Lauramouth, KY 26035",no,no,no,no
218,Shawna,Shawna,Sanders,ShawnaSanders@gmail.com,"1856 Daniels Meadow Suite 855
South Markmouth, WY 20351",no,no,no,no
219,Oscar,Oscar,Cochran,OscarCochran67@outlook.com,"5925 April Wall
Anthonyfort, WI 37137",no,no,no,no
220,Danielle,Danielle,Orozco,DanielleOrozco@gmail.com,"80436 Ford Mews Suite 511
New Joseph, NH 10679",no,no,no,no
221,Johnny,Johnny,Hawkins,JHawkins12@yahoo.com,"952 Chase Corners Apt. 127
West Lauren, SD 77441",no,no,no,no
222,Melissa,Melissa,Haley,MelissaHaley25@outlook.com,"6623 Michael Wall
Davidhaven, SD 64357",no,no,no,no
223,Edward,Edward,Smith,EdwardSmith@gmail.com,"147 Tonya Well Apt. 627
Millerchester, AK 96148",no,no,no,no
224,Douglas,Douglas,Morales,DMorales18@yahoo.com,"5533 Sharon Stravenue
East Matthewberg, ID 55057",no,no,no,no
225,Janet,Janet,Gray,JanetGray@gmail.com,"711 Frederick Forge
Port Patriciaview, NE 68878",no,no,no,no
226,James,James,Gentry,JGentry@bright.net,"3573 Jason Villages
Staceytown, WI 63215",no,no,no,no
227,Joseph,Joseph,Williams,JosephWilliams30@outlook.com,"896 Hardy Turnpike
Dickersonfurt, MD 63995",no,no,no,no
228,Richard,Richard,Moreno,RichardMoreno21@outlook.com,"USNV Meyers
FPO AE 14538",no,no,no,no
229,Andrew,Andrew,Lang,ALang85@yahoo.com,"2908 Jeffrey Drives Apt. 855
Nelsonport, PW 38288",no,no,no,no
230,Michael,Michael,Davis,MichaelDavis@gmail.com,"710 Matthew Spur Suite 102
North Ronaldborough, OK 41203",no,no,no,no
231,Karen,Karen,Williams,KWilliams@bright.net,"Unit 8412 Box 6975
DPO AE 70730",no,no,no,no
232,Patricia,Patricia,Peterson,PPeterson35@yahoo.com,"04305 Larry Squares
South Bradley, NH 11042",no,no,no,no
233,Antonio,Antonio,Keller,AntonioKeller@gmail.com,"54439 Harmon Rapids
Port Doriston, VT 78074",no,no,no,no
234,Dustin,Dustin,Horton,DHorton@bright.net,"66973 Hannah Cliffs
Lake Chadfurt, WY 27916",no,no,no,no
235,Lisa,Lisa,Garcia,LGarcia88@yahoo.com,"5804 Craig Mall Apt. 213
North Andrewbury, OK 09515",no,no,no,no
236,Philip,Philip,Chang,PChang25@yahoo.com,"06200 Dorsey Lodge Apt. 340
North Terri, NJ 43464",no,no,no,no
237,Edward,Edward,Serrano,EdwardSerrano@gmail.com,"58149 Garcia Lane
North Tracy, AR 16433",no,no,no,no
238,Patricia,Patricia,Carr,PatriciaCarr66@outlook.com,"98595 Cook Skyway Apt. 449
Amberton, MN 99744",no,no,no,no
239,Toni,Toni,Bennett,ToniBennett53@outlook.com,"5567 Melanie Terrace Suite 306
Patriciaview, PR 88925",no,no,no,no
240,Robert,Robert,Weber,RWeber@bright.net,"9488 Morris Throughway Apt. 893
New Frankbury, AK 48832",no,no,no,no
241,Angela,Angela,Peck,APeck56@yahoo.com,"3457 Terri Ramp Apt. 299
Smithport, MN 01849",no,no,no,no
242,Gary,Gary,Morse,GMorse30@yahoo.com,"100 Nunez Landing Suite 535
South Jessicafurt, ME 68787",no,no,no,no
243,Thomas,Thomas,Carpenter,ThomasCarpenter17@outlook.com,"994 Patricia Spring Suite 673
Colleenfurt, VT 46137",no,no,no,no
244,Melissa,Melissa,Hall,MHall@bright.net,"098 Christopher Glens Suite 109
West Anthonymouth, GA 77331",no,no,no,no
245,Zachary,Zachary,Anderson,ZacharyAnderson96@outlook.com,"2965 Gonzalez Plains Apt. 758
Hancockside, FL 52700",no,no,no,no
246,Timothy,Timothy,Hall,TimothyHall@gmail.com,"50161 Wilson Union Apt. 157
Lake Robert, GU 61737",no,no,no,no
247,Brenda,Brenda,Estrada,BEstrada@bright.net,"1877 Ronald Center
West Jenniferbury, OK 82247",no,no,no,no
248,Tyler,Tyler,Wilson,TylerWilson72@outlook.com,"2417 Huber Brooks
Perryton, MI 12357",no,no,no,no
249,Jose,Jose,Whitaker,JWhitaker@bright.net,"6334 Jones Crossing Apt. 470
Lisaburgh, MI 62750",no,no,no,no
250,Carolyn,Carolyn,Hill,CHill@bright.net,"808 Mueller Locks Suite 370
Lake Bethbury, WA 79576",no,no,no,no
251,Laura,Laura,Watson,LauraWatson@gmail.com,"3259 White Station Apt. 880
South Kim, SC 31075",no,no,no,no
252,Jeffrey,Jeffrey,Vaughn,JeffreyVaughn39@outlook.com,"20338 Reyes Landing Suite 948
East Karenside, MH 87434",no,no,no,no
253,Trevor,Trevor,Chapman,TChapman@bright.net,"86553 Lowe Row
Lake Tammyberg, UT 48207",no,no,no,no
254,Christopher,Christopher,Campbell,ChristopherCampbell67@outlook.com,"4222 James Shores Apt. 300
Jonathanton, AL 64501",no,no,no,no
255,John,John,Barber,JohnBarber@gmail.com,"19652 Gonzales Inlet
Davidport, MN 63694",no,no,no,no
256,Jennifer,Jennifer,Moore,JenniferMoore@gmail.com,"0120 Davis Greens Suite 582
Natalieburgh, NV 33019",no,no,no,no
257,Sandra,Sandra,Parker,SParker92@yahoo.com,"581 Jeffery Villages
Holderside, NH 47524",no,no,no,no
258,Heather,Heather,Beck,HBeck15@yahoo.com,"4869 Brent Rest Suite 685
South Stevenberg, OH 10261",no,no,no,no
259,Edward,Edward,Mason,EMason34@yahoo.com,"458 Cameron Keys
West Melanieberg, CO 54894",no,no,no,no
260,Nathan,Nathan,Walton,NathanWalton@gmail.com,"274 Danielle Unions
West Randy, AZ 63065",no,no,no,no
261,Stephen,Stephen,Morgan,StephenMorgan69@outlook.com,"11146 Victoria Lane Suite 339
Perkinsmouth, NV 82689",no,no,no,no
262,Jesse,Jesse,Wilson,JesseWilson@gmail.com,"USS Garcia
FPO AA 37881",no,no,no,no
263,Kaitlyn,Kaitlyn,Jackson,KJackson68@yahoo.com,"82353 Amy Ferry
Conwaystad, IA 60878",no,no,no,no
264,Amy,Amy,Castillo,ACastillo18@yahoo.com,"8015 Erin Station
Villanuevaside, NC 91213",no,no,no,no
265,Alexander,Alexander,Brown,AlexanderBrown@gmail.com,"2213 Emily Dam
Lake Gregorychester, MA 49268",no,no,no,no
266,Charles,Charles,Perez,CPerez78@yahoo.com,"92961 Lee Hill
West Patricktown, VT 25244",no,no,no,no
267,Matthew,Matthew,Juarez,MatthewJuarez@gmail.com,"042 Fernandez Valleys
Thomasside, MI 08516",no,no,no,no
268,Susan,Susan,Little,SLittle@bright.net,"54855 Catherine Inlet Apt. 006
Ayalamouth, ND 06778",no,no,no,no
269,Jaime,Jaime,Lewis,JaimeLewis34@outlook.com,"7238 Douglas Roads Apt. 666
North Juan, FM 07202",no,no,no,no
270,Ann,Ann,Lucero,ALucero79@yahoo.com,"458 Megan Island
Port Ricky, DC 36036",no,no,no,no
271,Aaron,Aaron,Hendricks,AaronHendricks25@outlook.com,"3317 Erin Track Apt. 594
Port Davidshire, TX 34113",no,no,no,no
272,Tami,Tami,French,TFrench53@yahoo.com,"6540 Daniel Rest
West Michelleside, AK 51790",no,no,no,no
273,Cindy,Cindy,Russell,CindyRussell14@outlook.com,"61827 Clarke Camp
New Dylanburgh, NM 43410",no,no,no,no
274,Bianca,Bianca,Hill,BHill90@yahoo.com,"1891 Wilson Fort Apt. 355
Port Kayla, ND 69300",no,no,no,no
275,Tabitha,Tabitha,Martin,TMartin72@yahoo.com,"PSC 4779, Box 5852
APO AA 22810",no,no,no,no
276,Penny,Penny,Lewis,PLewis92@yahoo.com,"43725 Crawford Crossroad Apt. 473
Richardsonshire, VA 38518",no,no,no,no
277,Jasmine,Jasmine,Martinez,JasmineMartinez@gmail.com,"PSC 2865, Box 2655
APO AP 43109",no,no,no,no
278,Diane,Diane,Allen,DianeAllen@gmail.com,"3088 David Street Suite 326
Andreafurt, GU 49645",no,no,no,no
279,Ann,Ann,Kerr,AKerr15@yahoo.com,"PSC 0230, Box 9887
APO AE 72907",no,no,no,no
280,Sergio,Sergio,Murphy,SMurphy82@yahoo.com,"4236 Dawn Ferry
Port Georgefort, CA 17991",no,no,no,no
281,Andrew,Andrew,Smith,AndrewSmith76@outlook.com,"84038 Jeff Club Suite 040
West William, FL 85475",no,no,no,no
282,Debbie,Debbie,Soto,DebbieSoto39@outlook.com,"USNS Perez
FPO AP 83345",no,no,no,no
283,Alan,Alan,Russell,AlanRussell63@outlook.com,"68773 Barnett Tunnel
Cherylchester, HI 80212",no,no,no,no
284,Breanna,Breanna,Ali,BAli@bright.net,"608 Washington Track Apt. 016
New Christopher, CO 18601",no,no,no,no
285,Emily,Emily,Cobb,ECobb69@yahoo.com,"81977 Rodriguez Prairie Suite 141
Michelebury, NJ 28305",no,no,no,no
286,Veronica,Veronica,Melton,VMelton@bright.net,"976 Roman Turnpike
North Jennifermouth, MS 83492",no,no,no,no
287,John,John,Townsend,JTownsend@bright.net,"PSC 1021, Box 7003
APO AA 92760",no,no,no,no
288,Mark,Mark,Nguyen,MNguyen@bright.net,"520 Ramirez Avenue
East Angelside, GU 42940",no,no,no,no
289,Jordan,Jordan,Pruitt,JordanPruitt10@outlook.com,"PSC 5941, Box 3502
APO AA 90512",no,no,no,no
290,Donald,Donald,Calderon,DCalderon67@yahoo.com,"892 Brian Courts Apt. 287
Myersmouth, RI 36643",no,no,no,no
291,Tanya,Tanya,Reynolds,TReynolds@bright.net,"37934 Scott Tunnel Apt. 412
North Patricia, NY 16779",no,no,no,no
292,Ashley,Ashley,Gross,AshleyGross21@outlook.com,"PSC 8708, Box 1499
APO AP 82335",no,no,no,no
293,David,David,Gibson,DGibson@bright.net,"674 King Pike Apt. 435
Brianmouth, MS 39099",no,no,no,no
294,Denise,Denise,Thomas,DThomas11@yahoo.com,"00397 Fletcher Villages
Davidtown, MH 70598",no,no,no,no
295,Seth,Seth,Andrews,SAndrews44@yahoo.com,"987 Harold Camp
North Melaniebury, FM 58452",no,no,no,no
296,Jennifer,Jennifer,Clark,JClark@bright.net,"PSC 9797, Box 1433
APO AP 81224",no,no,no,no
297,Mark,Mark,Smith,MSmith33@yahoo.com,"060 Maria Burgs
Lake Scottmouth, LA 86977",no,no,no,no
298,Elizabeth,Elizabeth,Barker,ElizabethBarker16@outlook.com,"USNV Parker
FPO AE 14842",no,no,no,no
299,Katie,Katie,Benson,KatieBenson@gmail.com,"USNS Santos
FPO AE 08788",no,no,no,no
300,Angela,Angela,Hicks,AHicks@bright.net,"6167 Vickie Fields Apt. 568
West Virginia, RI 12871",no,no,no,no
301,Lori,Lori,Willis,LoriWillis@gmail.com,"6085 Salazar Ports
New Scottfurt, OH 58290",yes,no,no,no
302,Lori,Lori,Willis,LoriWillis@gmail.com,"6085 Salazar Ports
New Scottfurt, OH 58290",yes,no,no,no
303,Steven,Steven,Clark,SClark@bright.net,"5844 Barnes Wall Suite 851
Wintersland, NM 47216",yes,no,no,no
304,Steven,Steven,Clark,SClark@bright.net,"5844 Barnes Wall Suite 851
Wintersland, NM 47216",yes,no,no,no
305,Rita,Rita,Robiwson,RitaRobiwson14@outlook.com,"4446 Gray Dale
New Michaelchester, OH 05024",yes,no,no,Last Name
306,Rita,Rita,Robinson,RitaRobinson14@outlook.com,"4446 Gray Dale
New Michaelchester, OH 05024",yes,no,no,Last Name
307,Donna,Donna,Brennan,DonnaBrennan58@outlook.com,"023 Lynn Parks
Johnsonport, PR 78531",yes,no,no,no
308,Donna,Donna,Brennan,DonnaBrennan58@outlook.com,"023 Lynn Parks
Johnsonport, PR 78531",yes,no,no,no
309,Mark,Mark,Ryan,MRyan@bright.net,"PSC 7054, Box 1895
APO AE 80060",yes,no,no,no
310,Mark,Mark,Ryan,MRyan@bright.net,"PSC 7054, Box 1895
APO AE 80060",yes,no,no,no
311,Edward and Laura,Edward and Laura,Johnson,Johnson10@yahoo.com,"8375 Bennett Coves Suite 565
Lake Jason, OR 86931",yes,no,yes,no
312,Laura and Edward,Laura and Edward,Johnson,Johnson10@yahoo.com,"8375 Bennett Coves Suite 565
Lake Jason, OR 86931",yes,no,yes,no
313,Renee,Renee,Clark,ReneeClark@gmail.com,"567 Fuller Crossroad
Matthewton, WY 18012",yes,no,no,no
314,Renee,Renee,Clark,ReneeClark@gmail.com,"567 Fuller Crossroad
Matthewton, WY 18012",yes,no,no,no
315,Brian,Brian,Price,BPrice50@yahoo.com,"9728 Collins Freeway
Haasmouth, TX 05591",yes,no,no,no
316,Brian,Brian,Price,BPrice50@yahoo.com,"9728 Collins Freeway
Haasmouth, TX 05591",yes,no,no,no
317,Bonnie,Bonnie,Jackson,BonnieJackson36@outlook.com,"8518 Katie Forks Apt. 277
Livingstonbury, CA 21484",yes,no,no,no
318,Bonnie,Bonnie,Jackson,BonnieJackson36@outlook.com,"8518 Katie Forks Apt. 277
Livingstonbury, CA 21484",yes,no,no,no
319,Stephen,Stephen,Padilla,StephenPadilla@gmail.com,"11846 Smith Skyway Suite 651
Patricialand, FL 52040",yes,no,no,no
320,Stephen,Stephen,Padilla,StephenPadilla@gmail.com,"11846 Smith Skyway Suite 651
Patricialand, FL 52040",yes,no,no,no
321,Cynthia,Cynthia,Reynolds,CynthiaReynolds96@outlook.com,"0945 Ross Stream
Port Matthew, AL 65665",yes,no,no,no
322,Cynthia,Cynthia,Reynolds,CynthiaReynolds96@outlook.com,"0945 Ross Stream
Port Matthew, AL 65665",yes,no,no,no
323,Justin,Justin,Hoover,JustinHoover@gmail.com,"4363 George Trace Suite 077
Lake Amyburgh, CT 86660",yes,no,no,no
324,Justin,Justin,Hoover,JustinHoover@gmail.com,"4363 George Trace Suite 077
Lake Amyburgh, CT 86660",yes,no,no,no
325,Cynthia,Cynthia,Morris,CynthiaMorris26@outlook.com,"74782 Keller Union Apt. 394
Bryantville, MI 82317",yes,no,no,no
326,Cynthia,Cynthia,Morris,CynthiaMorris26@outlook.com,"74782 Keller Union Apt. 394
Bryantville, MI 82317",yes,no,no,no
327,Jacqueline and Donald,Jacqueline and Donald,Hall,Hall18@outlook.com,"2292 Garrison Mountain Suite 747
Port Ryan, MN 67409",yes,no,yes,no
328,Donald and Jacqueline,Donald and Jacqueline,Hall,Hall18@outlook.com,"2292 Garrison Mountain Suite 747
Port Ryan, MN 67409",yes,no,yes,no
329,Maria,Maria,Parker,MParker@bright.net,"20388 Jessica Field
Alexanderhaven, MA 74182",yes,no,no,no
330,Maria,Maria,Parker,MParker@bright.net,"20388 Jessica Field
Alexanderhaven, MA 74182",yes,no,no,no
331,Dawn,Dawn,Harris,DHarris10@yahoo.com,"36299 Mcconnell Loaf Apt. 368
Jaclynborough, FM 20813",yes,no,no,no
332,Dawn,Dawn,Harris,DHarris10@yahoo.com,"36299 Mcconnell Loaf Apt. 368
Jaclynborough, FM 20813",yes,no,no,no
333,Jason,Jason,Bradley,JBradley@bright.net,"8849 Woodward Islands
Garyfurt, CO 74505",yes,no,no,no
334,Jason,Jason,Bradley,JBradley@bright.net,"8849 Woodward Islands
Garyfurt, CO 74505",yes,no,no,no
335,Wendy,Wendy,Lee,WLee95@yahoo.com,"Unit 7639 Box 7578
DPO AA 14335",yes,no,no,no
336,Wendy,Wendy,Lee,WLee95@yahoo.com,"Unit 7639 Box 7578
DPO AA 14335",yes,no,no,no
337,Brenda,Brenda,Tkornton,BTkornton32@yahoo.com,"021 Gonzalez Inlet
Nelsonland, AZ 42309",yes,no,no,Last Name
338,Brenda,Brenda,Thornton,BThornton32@yahoo.com,"021 Gonzalez Inlet
Nelsonland, AZ 42309",yes,no,no,Last Name
339,Ashley and Russell,Ashley and Russell,Andrews,Andrews11@yahoo.com,"9268 Brandy Tunnel Apt. 648
Kimberlyton, AR 91332",yes,no,yes,no
340,Ashley and Russell,Ashley and Russell,Andrews,Andrews11@yahoo.com,"9268 Brandy Tunnel Apt. 648
Kimberlyton, AR 91332",yes,no,yes,no
341,Jerome,Jerome,Anderson,JeromeAnderson@gmail.com,"7380 Rebecca Trafficway Suite 919
Johnsonport, NE 73163",yes,no,no,no
342,Jerome,Jerome,Anderson,JeromeAnderson@gmail.com,"7380 Rebecca Trafficway Suite 919
Johnsonport, NE 73163",yes,no,no,no
343,Jxson,Jxson,Callahan,JxsonCallahan@gmail.com,"Unit 8591 Box 6529
DPO AA 24241",yes,no,no,First Name
344,Jason,Jason,Callahan,JasonCallahan@gmail.com,"Unit 8591 Box 6529
DPO AA 24241",yes,no,no,First Name
345,Lisa,Lisa,Sullivan,LisaSullivan@gmail.com,"Unit 4418 Box 1657
DPO AP 05614",yes,no,no,no
346,Lisa,Lisa,Sullivan,LisaSullivan@gmail.com,"Unit 4418 Box 1657
DPO AP 05614",yes,no,no,no
347,Carla,Carla,Collins,CarlaCollins54@outlook.com,"PSC 7609, Box 4473
APO AE 28032",yes,no,no,no
348,Carla,Carla,Collins,CarlaCollins54@outlook.com,"PSC 7609, Box 4473
APO AE 28032",yes,no,no,no
349,Steven,Steven,Lewis,StevenLewis@gmail.com,"97493 Victoria Mission
Port Frank, FL 42021",yes,no,no,no
350,Steven,Steven,Lewis,StevenLewis@gmail.com,"97493 Victoria Mission
Port Frank, FL 42021",yes,no,no,no
351,Regina,Regina,Lloyd,ReginaLloyd@gmail.com,"58161 Anderson Mission
Donaldfort, MS 93605",yes,no,no,no
352,Regina,Regina,Lloyd,ReginaLloyd@gmail.com,"58161 Anderson Mission
Donaldfort, MS 93605",yes,no,no,no
353,Michael,Michael,Buckley,MichaelBuckley41@outlook.com,"25543 Fitzpatrick Summit Suite 918
Williamview, VA 90173",yes,no,no,no
354,Michael,Michael,Buckley,MichaelBuckley41@outlook.com,"25543 Fitzpatrick Summit Suite 918
Williamview, VA 90173",yes,no,no,no
355,Christina,Christina,Whitehead,ChristinaWhitehead46@outlook.com,"116 Andrew Landing
South Donaldmouth, WV 59922",yes,no,no,no
356,Christina,Christina,Whitehead,ChristinaWhitehead46@outlook.com,"116 Andrew Landing
South Donaldmouth, WV 59922",yes,no,no,no
357,Brian,Brian,White,BWhite55@yahoo.com,"6903 Robert Street Apt. 838
New Angela, MN 43386",yes,no,no,no
358,Brian,Brian,White,BWhite55@yahoo.com,"6903 Robert Street Apt. 838
New Angela, MN 43386",yes,no,no,no
359,Michael and Darren,Michael and Darren,Armstrong,Armstrong60@gmail.com,"16393 Craig Curve
West Bethmouth, CT 00729",yes,no,yes,no
360,Darren and Michael,Darren and Michael,Armstrong,Armstrong60@gmail.com,"16393 Craig Curve
West Bethmouth, CT 00729",yes,no,yes,no
361,Michael,Michael,Boone,MBoone@bright.net,"468 Kathryn Trafficway
New Jocelynburgh, NV 49873",yes,no,no,no
362,Michael,Michael,Boone,MBoone@bright.net,"468 Kathryn Trafficway
New Jocelynburgh, NV 49873",yes,no,no,no
363,Matthew,Matthew,Bernard,MBernard82@yahoo.com,"916 Alison Summit Apt. 258
East Christopher, OK 80148",yes,no,no,no
364,Matthew,Matthew,Bernard,MBernard82@yahoo.com,"916 Alison Summit Apt. 258
East Christopher, OK 80148",yes,no,no,no
365,Judy and Tyler,Judy and Tyler,Bruce,Bruce88@yahoo.com,"054 Brown Pike Suite 456
New Deborahshire, LA 98276",yes,no,yes,no
366,Judy and Tyler,Judy and Tyler,Bruce,Bruce88@yahoo.com,"054 Brown Pike Suite 456
New Deborahshire, LA 98276",yes,no,yes,no
367,Thomas and Mike,Thomas and Mike,Buchanan,Buchanan76@bright.net,"41654 George Landing Suite 216
Port George, NY 06101",yes,no,yes,no
368,Thomas and Mike,Thomas and Mike,Buchanan,Buchanan76@bright.net,"41654 George Landing Suite 216
Port George, NY 06101",yes,no,yes,no
369,Rhonda,Rhonda,Millre,RMillre54@yahoo.com,"457 Wiggins Square
Brandyburgh, MD 03196",yes,Last Name,no,no
370,Rhonda,Rhonda,Miller,RMiller54@yahoo.com,"457 Wiggins Square
Brandyburgh, MD 03196",yes,Last Name,no,no
371,Scott,Scott,Butler,SButler87@yahoo.com,"393 Miranda Ridge Suite 009
North Ryanberg, AZ 85329",yes,no,no,no
372,Scott,Scott,Butler,SButler87@yahoo.com,"393 Miranda Ridge Suite 009
North Ryanberg, AZ 85329",yes,no,no,no
373,Clarence,Clarence,Walter,CWalter20@yahoo.com,"58233 Jones Trace
Lake Lori, SC 03931",yes,no,no,no
374,Clarence,Clarence,Walter,CWalter20@yahoo.com,"58233 Jones Trace
Lake Lori, SC 03931",yes,no,no,no
375,Kelly and Todd,Kelly and Todd,Maldonado,Maldonado21@bright.net,"USCGC Ball
FPO AP 86522",yes,no,yes,no
376,Todd and Kelly,Todd and Kelly,Maldonado,Maldonado21@bright.net,"USCGC Ball
FPO AP 86522",yes,no,yes,no
377,Brent,Brent,kecB,BkecB39@yahoo.com,"6371 Wood Villages
Lake Robert, ID 42844",yes,Last Name,no,no
378,Brent,Brent,Beck,BBeck39@yahoo.com,"6371 Wood Villages
Lake Robert, ID 42844",yes,Last Name,no,no
379,Terri and Dylan,Terri and Dylan,Figueroa,Figueroa88@outlook.com,"712 David Mews
North Linda, MA 08561",yes,no,yes,no
380,Terri and Dylan,Terri and Dylan,Figueroa,Figueroa88@outlook.com,"712 David Mews
North Linda, MA 08561",yes,no,yes,no
381,Stephanie,Stephanie,Curtis,SCurtis65@yahoo.com,"12779 Wanda Flat
Nataliestad, AZ 65272",yes,no,no,no
382,Stephanie,Stephanie,Curtis,SCurtis65@yahoo.com,"12779 Wanda Flat
Nataliestad, AZ 65272",yes,no,no,no
383,Amanda,Amanda,Phillips,AmandaPhillips32@outlook.com,"066 Teresa Glen
Jasonland, FM 27221",yes,no,no,no
384,Amanda,Amanda,Phillips,AmandaPhillips32@outlook.com,"066 Teresa Glen
Jasonland, FM 27221",yes,no,no,no
385,Aaron,Aaron,Shannon,AaronShannon38@outlook.com,"45704 Kevin Falls
Jenniferchester, MI 28207",yes,no,no,no
386,Aaron,Aaron,Shannon,AaronShannon38@outlook.com,"45704 Kevin Falls
Jenniferchester, MI 28207",yes,no,no,no
387,Wendy,Wendy,Wilson,WendyWilson@gmail.com,"86796 Graham Gateway Apt. 496
Loganhaven, CO 34410",yes,no,no,no
388,Wendy,Wendy,Wilson,WendyWilson@gmail.com,"86796 Graham Gateway Apt. 496
Loganhaven, CO 34410",yes,no,no,no
389,Rebekah,Rebekah,Burgess,RBurgess@bright.net,"32770 David Passage
New Matthewstad, TX 62518",yes,no,no,no
390,Rebekah,Rebekah,Burgess,RBurgess@bright.net,"32770 David Passage
New Matthewstad, TX 62518",yes,no,no,no
391,Reginald,Reginald,Maldonado,RMaldonado78@yahoo.com,"0932 Susan Estate Apt. 971
Michaelberg, FL 20452",yes,no,no,no
392,Reginald,Reginald,Maldonado,RMaldonado78@yahoo.com,"0932 Susan Estate Apt. 971
Michaelberg, FL 20452",yes,no,no,no
393,Jamie,Jamie,Brobn,JamieBrobn@gmail.com,"58858 Lisa Way Apt. 352
Lake Jillfort, AR 51952",yes,no,no,Last Name
394,Jamie,Jamie,Brown,JamieBrown@gmail.com,"58858 Lisa Way Apt. 352
Lake Jillfort, AR 51952",yes,no,no,Last Name
395,Jonathan,Jonathan,Johnson,JonathanJohnson34@outlook.com,"7325 Rogers Ports
Port Katie, SC 62219",yes,no,no,no
396,Jonathan,Jonathan,Johnson,JonathanJohnson34@outlook.com,"7325 Rogers Ports
Port Katie, SC 62219",yes,no,no,no
397,Billy and Justin,Billy and Justin,Green,Green38@gmail.com,"827 Hawkins Circles
Sonyachester, NY 18831",yes,no,yes,no
398,Billy and Justin,Billy and Justin,Green,Green38@gmail.com,"827 Hawkins Circles
Sonyachester, NY 18831",yes,no,yes,no
399,Sherry,Sherry,Lopez,SLopez52@yahoo.com,"428 Caitlin Rue
North Sharon, AS 04472",yes,no,no,no
400,Sherry,Sherry,Lopez,SLopez52@yahoo.com,"428 Caitlin Rue
North Sharon, AS 04472",yes,no,no,no
401,Benjamin,Benjamin,Nunez,BenjaminNunez@gmail.com,"73604 James Divide Apt. 163
Burgesstown, VA 14613",yes,no,no,no
402,Benjamin,Benjamin,Nunez,BenjaminNunez@gmail.com,"73604 James Divide Apt. 163
Burgesstown, VA 14613",yes,no,no,no
403,Kristi,Kristi,Garza,KristiGarza@gmail.com,"734 Hammond Meadow
South Stephen, SC 22480",yes,no,no,no
404,Kristi,Kristi,Garza,KristiGarza@gmail.com,"734 Hammond Meadow
South Stephen, SC 22480",yes,no,no,no
405,Diana,Diana,Olson,DianaOlson97@outlook.com,"860 Joseph Knolls
Guyton, CT 57764",yes,no,no,no
406,Diana,Diana,Olson,DianaOlson97@outlook.com,"860 Joseph Knolls
Guyton, CT 57764",yes,no,no,no
407,Joshua,Joshua,Black,JoshuaBlack27@outlook.com,"8469 Webb Common Suite 974
West Jenniferburgh, NJ 12576",yes,no,no,no
408,Joshua,Joshua,Black,JoshuaBlack27@outlook.com,"8469 Webb Common Suite 974
West Jenniferburgh, NJ 12576",yes,no,no,no
409,Holly,Holly,Brown,HollyBrown@gmail.com,"70029 Palmer Forges
New Gregorystad, MH 04169",yes,no,no,no
410,Holly,Holly,Brown,HollyBrown@gmail.com,"70029 Palmer Forges
New Gregorystad, MH 04169",yes,no,no,no
411,Andrew,Andrew,Santiago,ASantiago@bright.net,"3259 John Neck Apt. 508
Williamsstad, SC 05494",yes,no,no,no
412,Andrew,Andrew,Santiago,ASantiago@bright.net,"3259 John Neck Apt. 508
Williamsstad, SC 05494",yes,no,no,no
413,Faith and Jason,Faith and Jason,Zhang,Zhang99@outlook.com,"764 Nancy Lake
East Sarahport, ME 81343",yes,no,yes,no
414,Jason and Faith,Jason and Faith,Zhang,Zhang99@outlook.com,"764 Nancy Lake
East Sarahport, ME 81343",yes,no,yes,no
415,Adam,Adam,Shepherd,AdamShepherd86@outlook.com,"357 Sierra Freeway Suite 413
South Cherylstad, NM 42452",yes,no,no,no
416,Adam,Adam,Shepherd,AdamShepherd86@outlook.com,"357 Sierra Freeway Suite 413
South Cherylstad, NM 42452",yes,no,no,no
417,Jennifer and Ian,Jennifer and Ian,Moore,Moore68@outlook.com,"03413 Jenkins Walk
North Brianview, CO 21036",yes,no,yes,no
418,Jennifer and Ian,Jennifer and Ian,Moore,Moore68@outlook.com,"03413 Jenkins Walk
North Brianview, CO 21036",yes,no,yes,no
419,Christopher,Christopher,Marshall,CMarshall52@yahoo.com,"9590 Jones Stream
Cynthiaberg, MD 84301",yes,no,no,no
420,Christopher,Christopher,Marshall,CMarshall52@yahoo.com,"9590 Jones Stream
Cynthiaberg, MD 84301",yes,no,no,no
421,Travis,Travis,Garza,TGarza75@yahoo.com,"PSC 0129, Box 3583
APO AA 00708",yes,no,no,no
422,Travis,Travis,Garza,TGarza75@yahoo.com,"PSC 0129, Box 3583
APO AA 00708",yes,no,no,no
423,Christine,Christine,Jensen,CJensen@bright.net,"69889 Wood Trace
New Donnamouth, CO 77983",yes,no,no,no
424,Christine,Christine,Jensen,CJensen@bright.net,"69889 Wood Trace
New Donnamouth, CO 77983",yes,no,no,no
425,Brent,Brent,Hart,BHart73@yahoo.com,"225 Snow Stream
Cannonside, WA 54748",yes,no,no,no
426,Brent,Brent,Hart,BHart73@yahoo.com,"225 Snow Stream
Cannonside, WA 54748",yes,no,no,no
427,Alexandria,Alexandria,Lee,AlexandriaLee20@outlook.com,"PSC 0127, Box 0461
APO AE 46501",yes,no,no,no
428,Alexandria,Alexandria,Lee,AlexandriaLee20@outlook.com,"PSC 0127, Box 0461
APO AE 46501",yes,no,no,no
429,Emily and Catherine,Emily and Catherine,Ryan,Ryan33@yahoo.com,"6604 Donna Dam Suite 615
Boltonton, IN 41387",yes,no,yes,no
430,Emily and Catherine,Emily and Catherine,Ryan,Ryan33@yahoo.com,"6604 Donna Dam Suite 615
Boltonton, IN 41387",yes,no,yes,no
431,Patricia,Patricia,Lester,PLester@bright.net,"7471 Kelsey Port
West Ian, TX 40639",yes,no,no,no
432,Patricia,Patricia,Lester,PLester@bright.net,"7471 Kelsey Port
West Ian, TX 40639",yes,no,no,no
433,Kimberly and Benjamin,Kimberly and Benjamin,Mcgrath,Mcgrath11@bright.net,"6149 Bradley Heights
South Deborah, CT 33714",yes,no,yes,no
434,Kimberly and Benjamin,Kimberly and Benjamin,Mcgrath,Mcgrath11@bright.net,"6149 Bradley Heights
South Deborah, CT 33714",yes,no,yes,no
435,Connie,Connie,Bowers,CBowers@bright.net,"0050 Edwin Rest
Carterbury, WY 77689",yes,no,no,no
436,Connie,Connie,Bowers,CBowers@bright.net,"0050 Edwin Rest
Carterbury, WY 77689",yes,no,no,no
437,Melissa and Katherine,Melissa and Katherine,Shea,Shea23@outlook.com,"USNS White
FPO AE 65701",yes,no,yes,no
438,Melissa and Katherine,Melissa and Katherine,Shea,Shea23@outlook.com,"USNS White
FPO AE 65701",yes,no,yes,no
439,Daniel,Daniel,Nelson,DNelson@bright.net,"813 Zavala Drives Suite 339
Phillipschester, KS 42137",yes,no,no,no
440,Daniel,Daniel,Nelson,DNelson@bright.net,"813 Zavala Drives Suite 339
Phillipschester, KS 42137",yes,no,no,no
441,Christopher,Christopher,Webb,CWebb@bright.net,"PSC 7117, Box 8129
APO AE 84254",yes,no,no,no
442,Christopher,Christopher,Webb,CWebb@bright.net,"PSC 7117, Box 8129
APO AE 84254",yes,no,no,no
443,Timothy,Timothy,Horn,TimothyHorn12@outlook.com,"Unit 3410 Box 7200
DPO AE 56424",yes,no,no,no
444,Timothy,Timothy,Horn,TimothyHorn12@outlook.com,"Unit 3410 Box 7200
DPO AE 56424",yes,no,no,no
445,Scott,Scott,Bryan,SBryan63@yahoo.com,"58241 Joanna Hill
South Christinamouth, GA 17215",yes,no,no,no
446,Scott,Scott,Bryan,SBryan63@yahoo.com,"58241 Joanna Hill
South Christinamouth, GA 17215",yes,no,no,no
447,Justin,Justin,Martinez,JustinMartinez29@outlook.com,"PSC 6142, Box 9930
APO AP 16889",yes,no,no,no
448,Justin,Justin,Martinez,JustinMartinez29@outlook.com,"PSC 6142, Box 9930
APO AP 16889",yes,no,no,no
449,Robert and Ricardo,Robert and Ricardo,Caldwell,Caldwell59@outlook.com,"75152 Young Shore Apt. 154
Lake Jose, CA 42434",yes,no,yes,no
450,Ricardo and Robert,Ricardo and Robert,Caldwell,Caldwell59@outlook.com,"75152 Young Shore Apt. 154
Lake Jose, CA 42434",yes,no,yes,no
451,Julia,Julia,Park,JuliaPark@gmail.com,"810 Caitlin Lane
Mayfort, AR 85899",yes,no,no,no
452,Julia,Julia,Park,JuliaPark@gmail.com,"810 Caitlin Lane
Mayfort, AR 85899",yes,no,no,no
453,Kristina,Kristina,Ford,KFord27@yahoo.com,"Unit 8281 Box 6499
DPO AE 66207",yes,no,no,no
454,Kristina,Kristina,Ford,KFord27@yahoo.com,"Unit 8281 Box 6499
DPO AE 66207",yes,no,no,no
455,Jacqueline,Jacqueline,Torres,JacquelineTorres@gmail.com,"12589 Duran Knolls
Port Jacqueline, KY 72381",yes,no,no,no
456,Jacqueline,Jacqueline,Torres,JacquelineTorres@gmail.com,"12589 Duran Knolls
Port Jacqueline, KY 72381",yes,no,no,no
457,Lisa and Devon,Lisa and Devon,Holland,Holland28@outlook.com,"745 Tina Ferry
Evanshaven, IN 50944",yes,no,yes,no
458,Lisa and Devon,Lisa and Devon,Holland,Holland28@outlook.com,"745 Tina Ferry
Evanshaven, IN 50944",yes,no,yes,no
459,James and David,James and David,Dickerson,Dickerson72@yahoo.com,"021 Paul Crescent
New Annmouth, HI 90917",yes,no,yes,no
460,James and David,James and David,Dickerson,Dickerson72@yahoo.com,"021 Paul Crescent
New Annmouth, HI 90917",yes,no,yes,no
461,David and Ann,David and Ann,George,George91@bright.net,"1352 Danielle Crest
West Garybury, MA 17998",yes,no,yes,no
462,David and Ann,David and Ann,George,George91@bright.net,"1352 Danielle Crest
West Garybury, MA 17998",yes,no,yes,no
463,Samantha and Rhonda,Samantha and Rhonda,Sparks,Sparks67@gmail.com,"2571 Jennifer Throughway Apt. 186
West Sarah, LA 18179",yes,no,yes,no
464,Rhonda and Samantha,Rhonda and Samantha,Sparks,Sparks67@gmail.com,"2571 Jennifer Throughway Apt. 186
West Sarah, LA 18179",yes,no,yes,no
465,Ann,Ann,Nelson,ANelson80@yahoo.com,"20888 Perez Green
Barbarachester, NE 23748",yes,no,no,no
466,Ann,Ann,Nelson,ANelson80@yahoo.com,"20888 Perez Green
Barbarachester, NE 23748",yes,no,no,no
467,John,John,Dunn,JDunn@bright.net,"33507 Alicia Forge Apt. 950
Raymondfurt, AL 41640",yes,no,no,no
468,John,John,Dunn,JDunn@bright.net,"33507 Alicia Forge Apt. 950
Raymondfurt, AL 41640",yes,no,no,no
469,Janet,Janet,Crawford,JanetCrawford@gmail.com,"1179 Julie Gateway Suite 104
Thomastown, MN 80590",yes,no,no,no
470,Janet,Janet,Crawford,JanetCrawford@gmail.com,"1179 Julie Gateway Suite 104
Thomastown, MN 80590",yes,no,no,no
471,Cheryl,Cheryl,Brooks,CherylBrooks92@outlook.com,"434 Munoz Inlet
Holmesville, AZ 77376",yes,no,no,no
472,Cheryl,Cheryl,Brooks,CherylBrooks92@outlook.com,"434 Munoz Inlet
Holmesville, AZ 77376",yes,no,no,no
473,Kendra and Paul,Kendra and Paul,Wilkerson,Wilkerson56@outlook.com,"06953 Campbell Crescent Apt. 591
Christinemouth, CA 69138",yes,no,yes,no
474,Kendra and Paul,Kendra and Paul,Wilkerson,Wilkerson56@outlook.com,"06953 Campbell Crescent Apt. 591
Christinemouth, CA 69138",yes,no,yes,no
475,Laurie and Oscar,Laurie and Oscar,Lawrence,Lawrence26@yahoo.com,"572 Stout Trail Suite 614
Crawfordside, MD 24347",yes,no,yes,no
476,Laurie and Oscar,Laurie and Oscar,Lawrence,Lawrence26@yahoo.com,"572 Stout Trail Suite 614
Crawfordside, MD 24347",yes,no,yes,no
477,Joshua,Joshua,Perez,JPerez28@yahoo.com,"54634 Deborah Drive
West Michaelton, MH 46861",yes,no,no,no
478,Joshua,Joshua,Perez,JPerez28@yahoo.com,"54634 Deborah Drive
West Michaelton, MH 46861",yes,no,no,no
479,Joshua,Joshua,Kelley,JoshuaKelley38@outlook.com,"08108 Fisher Prairie
Henrytown, AS 86112",yes,no,no,no
480,Joshua,Joshua,Kelley,JoshuaKelley38@outlook.com,"08108 Fisher Prairie
Henrytown, AS 86112",yes,no,no,no
481,Seth,Seth,Fuentes,SFuentes@bright.net,"9317 Thomas Village
Wardhaven, PA 98002",yes,no,no,no
482,Seth,Seth,Fuentes,SFuentes@bright.net,"9317 Thomas Village
Wardhaven, PA 98002",yes,no,no,no
483,Michael,Michael,Hanson,MichaelHanson86@outlook.com,"82841 Kirk Overpass Apt. 919
Estradaberg, DC 95270",yes,no,no,no
484,Michael,Michael,Hanson,MichaelHanson86@outlook.com,"82841 Kirk Overpass Apt. 919
Estradaberg, DC 95270",yes,no,no,no
485,Jaclyn,Jaclyn,Carter,JaclynCarter86@outlook.com,"8099 Steven Mountain Apt. 241
Yvettemouth, MP 71701",yes,no,no,no
486,Jaclyn,Jaclyn,Carter,JaclynCarter86@outlook.com,"8099 Steven Mountain Apt. 241
Yvettemouth, MP 71701",yes,no,no,no
487,Brandon,Brandon,Wells,BrandonWells@gmail.com,"59669 Lopez Viaduct Apt. 883
Merrittport, RI 53211",yes,no,no,no
488,Brandon,Brandon,Wells,BrandonWells@gmail.com,"59669 Lopez Viaduct Apt. 883
Merrittport, RI 53211",yes,no,no,no
489,Patricia,Patricia,Jefferson,PatriciaJefferson82@outlook.com,"8846 Roy Manor Suite 452
Lake Andrea, NH 67003",yes,no,no,no
490,Patricia,Patricia,Jefferson,PatriciaJefferson82@outlook.com,"8846 Roy Manor Suite 452
Lake Andrea, NH 67003",yes,no,no,no
491,Greg,Greg,Bowen,GregBowen@gmail.com,"6360 Parker Ridges Apt. 612
Armstrongborough, NY 78116",yes,no,no,no
492,Greg,Greg,Bowen,GregBowen@gmail.com,"6360 Parker Ridges Apt. 612
Armstrongborough, NY 78116",yes,no,no,no
493,Ethan,Ethan,Williams,EWilliams@bright.net,"6085 Moore Pass
Martinmouth, NJ 22237",yes,no,no,no
494,Ethan,Ethan,Williams,EWilliams@bright.net,"6085 Moore Pass
Martinmouth, NJ 22237",yes,no,no,no
495,Julia,Julia,Smith,JuliaSmith@gmail.com,"3064 Anderson Meadow
West David, SD 88671",yes,no,no,no
496,Julia,Julia,Smith,JuliaSmith@gmail.com,"3064 Anderson Meadow
West David, SD 88671",yes,no,no,no
497,Carrie,Carrie,Trevino,CTrevino@bright.net,"07020 Cheryl Lock
Hodgeville, CO 26449",yes,no,no,no
498,Carrie,Carrie,Trevino,CTrevino@bright.net,"07020 Cheryl Lock
Hodgeville, CO 26449",yes,no,no,no
499,Richard,Richard,Hernandez,RHernandez@bright.net,"8459 Smith Square Apt. 579
Heatherfort, IN 66569",yes,no,no,no
500,Richard,Richard,Hernandez,RHernandez@bright.net,"8459 Smith Square Apt. 579
Heatherfort, IN 66569",yes,no,no,no
